2024-06-16 14:36:23,062 [INFO] Activator:179 - 


2024-06-16 14:36:23,064 [INFO] Activator:180 - !SESSION log4j initialized
2024-06-16 14:36:28,584 [ERROR] ConfigurationRetriever:140 - IOException on connection: citools.st.com
2024-06-16 14:36:28,586 [ERROR] ConfigurationRetriever:140 - IOException on connection: citools.st.com
2024-06-16 14:36:28,586 [ERROR] ConfigurationRetriever:140 - IOException on connection: citools.st.com
2024-06-16 14:36:49,871 [ERROR] LogOutputStream:74 - [STDERR_REDIRECT] SLF4J: Failed to load class "org.slf4j.impl.StaticLoggerBinder".
2024-06-16 14:36:49,871 [ERROR] LogOutputStream:74 - [STDERR_REDIRECT] SLF4J: Defaulting to no-operation (NOP) logger implementation
2024-06-16 14:36:49,873 [ERROR] LogOutputStream:74 - [STDERR_REDIRECT] SLF4J: See http://www.slf4j.org/codes.html#StaticLoggerBinder for further details.
2024-06-16 14:38:13,708 [INFO] McuFinderGlobals:52 - Set McuFinder mode to 2 (CubeIDE integrated)
2024-06-16 14:38:14,021 [INFO] ApplicationProperties:181 - Using Application install path: C:\ST\STM32CubeIDE_1.11.2\STM32CubeIDE\plugins\com.st.stm32cube.common.mx_6.7.0.202301130839
2024-06-16 14:38:14,039 [INFO] DbMcusXml:77 - Set database path to: C:\ST\STM32CubeIDE_1.11.2\STM32CubeIDE\plugins\com.st.stm32cube.common.mx_6.7.0.202301130839\\db\/mcu/
2024-06-16 14:38:14,040 [INFO] ApiDb:273 - Set plugin database path to: C:\ST\STM32CubeIDE_1.11.2\STM32CubeIDE\plugins\com.st.stm32cube.common.mx_6.7.0.202301130839\\db\/plugins/boardmanager/
2024-06-16 14:38:14,040 [WARN] ApiDb:258 - Overriding images path with different value:  => C:\ST\STM32CubeIDE_1.11.2\STM32CubeIDE\plugins\com.st.stm32cube.common.mx_6.7.0.202301130839\\db\/plugins/mcufinder/images/
2024-06-16 14:38:14,065 [INFO] ApiDb:249 - Set database path to: C:\Users\rahul\.stmcufinder\plugins\mcufinder//mcu/
2024-06-16 14:38:14,065 [INFO] DbMcusAds:124 - Set database path to: C:\Users\rahul\.stmcufinder\plugins\mcufinder//mcu/
2024-06-16 14:38:14,147 [INFO] CrossReferenceDbSqlite:202 - Set database path to: C:\Users\rahul\.stmcufinder\plugins\mcufinder//mcu/cs/
2024-06-16 14:38:14,263 [INFO] RulesReader:61 - Compatibility file has been processed (283 Rules)
2024-06-16 14:38:14,336 [INFO] DbMcusXml:77 - Set database path to: C:\ST\STM32CubeIDE_1.11.2\STM32CubeIDE\plugins\com.st.stm32cube.common.mx_6.7.0.202301130839\\db\/mcu/
2024-06-16 14:38:14,336 [INFO] ApiDb:273 - Set plugin database path to: C:\ST\STM32CubeIDE_1.11.2\STM32CubeIDE\plugins\com.st.stm32cube.common.mx_6.7.0.202301130839\\db\/plugins/boardmanager/
2024-06-16 14:38:14,336 [INFO] ApiDb:260 - Set plugin images path to: C:\ST\STM32CubeIDE_1.11.2\STM32CubeIDE\plugins\com.st.stm32cube.common.mx_6.7.0.202301130839\\db\/plugins/mcufinder/images/
2024-06-16 14:38:14,336 [WARN] DbFile:40 - Overriding database path with different value: C:\Users\rahul\.stmcufinder\plugins\mcufinder/ => C:\Users\rahul\.stmcufinder\plugins\mcufinder
2024-06-16 14:38:14,336 [INFO] ApiDb:249 - Set database path to: C:\Users\rahul\.stmcufinder\plugins\mcufinder//mcu/
2024-06-16 14:38:14,336 [WARN] DbFile:40 - Overriding database path with different value: C:\Users\rahul\.stmcufinder\plugins\mcufinder/ => C:\Users\rahul\.stmcufinder\plugins\mcufinder
2024-06-16 14:38:14,337 [INFO] DbMcusAds:124 - Set database path to: C:\Users\rahul\.stmcufinder\plugins\mcufinder//mcu/
2024-06-16 14:38:14,337 [WARN] DbFile:40 - Overriding database path with different value: C:\Users\rahul\.stmcufinder\plugins\mcufinder/ => C:\Users\rahul\.stmcufinder\plugins\mcufinder
2024-06-16 14:38:14,337 [WARN] DbFile:40 - Overriding database path with different value: C:\Users\rahul\.stmcufinder\plugins\mcufinder/ => C:\Users\rahul\.stmcufinder\plugins\mcufinder
2024-06-16 14:38:14,337 [INFO] CrossReferenceDbSqlite:202 - Set database path to: C:\Users\rahul\.stmcufinder\plugins\mcufinder//mcu/cs/
2024-06-16 14:38:14,408 [INFO] MainPanel:252 - HeapMemory: 571473920
2024-06-16 14:38:14,511 [INFO] DbMcusXml:77 - Set database path to: C:\ST\STM32CubeIDE_1.11.2\STM32CubeIDE\plugins\com.st.stm32cube.common.mx_6.7.0.202301130839\\db\/mcu/
2024-06-16 14:38:14,872 [INFO] ApiDb:273 - Set plugin database path to: C:\ST\STM32CubeIDE_1.11.2\STM32CubeIDE\plugins\com.st.stm32cube.common.mx_6.7.0.202301130839\\db\/plugins/boardmanager/
2024-06-16 14:38:14,872 [INFO] ApiDb:260 - Set plugin images path to: C:\ST\STM32CubeIDE_1.11.2\STM32CubeIDE\plugins\com.st.stm32cube.common.mx_6.7.0.202301130839\\db\/plugins/mcufinder/images/
2024-06-16 14:38:14,873 [WARN] DbFile:40 - Overriding database path with different value: C:\Users\rahul\.stmcufinder\plugins\mcufinder/ => C:\Users\rahul\.stmcufinder\plugins\mcufinder
2024-06-16 14:38:14,873 [INFO] ApiDb:249 - Set database path to: C:\Users\rahul\.stmcufinder\plugins\mcufinder//mcu/
2024-06-16 14:38:14,874 [WARN] DbFile:40 - Overriding database path with different value: C:\Users\rahul\.stmcufinder\plugins\mcufinder/ => C:\Users\rahul\.stmcufinder\plugins\mcufinder
2024-06-16 14:38:14,874 [INFO] DbMcusAds:124 - Set database path to: C:\Users\rahul\.stmcufinder\plugins\mcufinder//mcu/
2024-06-16 14:38:14,874 [WARN] DbFile:40 - Overriding database path with different value: C:\Users\rahul\.stmcufinder\plugins\mcufinder/ => C:\Users\rahul\.stmcufinder\plugins\mcufinder
2024-06-16 14:38:14,874 [WARN] DbFile:40 - Overriding database path with different value: C:\Users\rahul\.stmcufinder\plugins\mcufinder/ => C:\Users\rahul\.stmcufinder\plugins\mcufinder
2024-06-16 14:38:14,875 [INFO] CrossReferenceDbSqlite:202 - Set database path to: C:\Users\rahul\.stmcufinder\plugins\mcufinder//mcu/cs/
2024-06-16 14:38:14,893 [INFO] ApplicationProperties:181 - Using Application install path: C:\ST\STM32CubeIDE_1.11.2\STM32CubeIDE\plugins\com.st.stm32cube.common.mx_6.7.0.202301130839
2024-06-16 14:38:14,893 [INFO] PluginManage:193 - Search for loadable plugins [exclusion list=, ]
2024-06-16 14:38:14,899 [INFO] PluginManage:307 - Check plugin analytics
2024-06-16 14:38:15,064 [INFO] AnalyticsPlugin:262 - Accepted Software Licenses: STM32CubeMX.6.2.1,STM32CubeMX.6.7.0
2024-06-16 14:38:15,065 [INFO] AnalyticsPlugin:264 - Accepted CMSIS Pack Licenses: STMicroelectronics.X-CUBE-TOUCHGFX.4.21.1,STMicroelectronics.X-CUBE-TOUCHGFX.4.13.0,STMicroelectronics.X-CUBE-TOUCHGFX.4.16.1
2024-06-16 14:38:15,066 [INFO] AnalyticsPlugin:266 - Accepted Firmware Licenses: FW.F4.1.27.0
2024-06-16 14:38:15,075 [INFO] PluginManage:356 - Loaded plugin analytics (category:tool,tabindex:-1)
2024-06-16 14:38:15,075 [INFO] PluginManage:307 - Check plugin cadmodel
2024-06-16 14:38:15,094 [INFO] CADModel:104 - Init CAD model plugin
2024-06-16 14:38:15,094 [INFO] PluginManage:356 - Loaded plugin cadmodel (category:power,tabindex:5)
2024-06-16 14:38:15,094 [INFO] PluginManage:307 - Check plugin clock
2024-06-16 14:38:15,116 [INFO] PluginManage:356 - Loaded plugin clock (category:base,tabindex:2)
2024-06-16 14:38:15,116 [INFO] PluginManage:307 - Check plugin ddr
2024-06-16 14:38:15,118 [INFO] PluginManage:356 - Loaded plugin ddr (category:tool,tabindex:6)
2024-06-16 14:38:15,118 [INFO] PluginManage:307 - Check plugin filemanager
2024-06-16 14:38:15,381 [INFO] PluginManage:356 - Loaded plugin filemanager (category:base,tabindex:10)
2024-06-16 14:38:15,382 [INFO] PluginManage:307 - Check plugin ipmanager
2024-06-16 14:38:15,392 [INFO] PluginManage:356 - Loaded plugin ipmanager (category:base,tabindex:5)
2024-06-16 14:38:15,392 [INFO] PluginManage:307 - Check plugin lpbam
2024-06-16 14:38:15,411 [INFO] PluginManage:356 - Loaded plugin lpbam (category:base,tabindex:0)
2024-06-16 14:38:15,411 [INFO] PluginManage:307 - Check plugin pinoutandconfiguration
2024-06-16 14:38:15,435 [INFO] PluginManage:356 - Loaded plugin pinoutandconfiguration (category:base,tabindex:1)
2024-06-16 14:38:15,435 [INFO] PluginManage:307 - Check plugin pinoutconfig
2024-06-16 14:38:15,483 [INFO] PluginManage:356 - Loaded plugin pinoutconfig (category:base,tabindex:0)
2024-06-16 14:38:15,483 [INFO] PluginManage:307 - Check plugin power
2024-06-16 14:38:15,505 [INFO] PluginManage:356 - Loaded plugin power (category:power,tabindex:4)
2024-06-16 14:38:15,505 [INFO] PluginManage:307 - Check plugin projectmanager
2024-06-16 14:38:15,544 [INFO] PluginManage:356 - Loaded plugin projectmanager (category:projectmanager,tabindex:3)
2024-06-16 14:38:15,544 [INFO] PluginManage:307 - Check plugin thirdparty
2024-06-16 14:38:15,800 [INFO] PluginManage:356 - Loaded plugin thirdparty (category:base,tabindex:-1)
2024-06-16 14:38:15,800 [WARN] IntegrityCheckThread:82 - waiting for thirdparty lock release [integrity check]
2024-06-16 14:38:15,801 [INFO] PluginManage:307 - Check plugin tools
2024-06-16 14:38:15,801 [INFO] IntegrityCheckThread:84 - entering critical section [integrity check]
2024-06-16 14:38:15,804 [INFO] ThirdPartyUpdaterWithRetryManager:70 - Updater plugin not ready yet. [1/15]
2024-06-16 14:38:15,841 [INFO] PluginManage:356 - Loaded plugin tools (category:base,tabindex:7)
2024-06-16 14:38:15,841 [INFO] PluginManage:307 - Check plugin tutovideos
2024-06-16 14:38:16,077 [INFO] PluginManage:356 - Loaded plugin tutovideos (category:base,tabindex:-1)
2024-06-16 14:38:16,079 [INFO] PluginManage:307 - Check plugin updater
2024-06-16 14:38:16,100 [INFO] PluginManage:356 - Loaded plugin updater (category:base,tabindex:12)
2024-06-16 14:38:16,104 [INFO] PluginManage:280 - PluginManage : Loaded plugins [15]
2024-06-16 14:38:16,414 [INFO] PinOutPanel:1477 - setPackage(No Configuration,No Configuration)
2024-06-16 14:38:16,499 [INFO] CADModel:164 - CPN selected for project level
2024-06-16 14:38:16,499 [INFO] CADModel:113 - Register for checkConnection events
2024-06-16 14:38:16,526 [INFO] IPUIPlugin:79 - create IPUIPlugin
2024-06-16 14:38:16,526 [INFO] PluginManager:219 - loadIPPluginJar : add adc
2024-06-16 14:38:16,565 [INFO] IPUIPlugin:79 - create IPUIPlugin
2024-06-16 14:38:16,565 [INFO] PluginManager:219 - loadIPPluginJar : add aes
2024-06-16 14:38:16,606 [INFO] IPUIPlugin:79 - create IPUIPlugin
2024-06-16 14:38:16,607 [INFO] PluginManager:219 - loadIPPluginJar : add can
2024-06-16 14:38:16,632 [INFO] IPUIPlugin:79 - create IPUIPlugin
2024-06-16 14:38:16,633 [INFO] PluginManager:219 - loadIPPluginJar : add comp
2024-06-16 14:38:16,673 [INFO] IPUIPlugin:79 - create IPUIPlugin
2024-06-16 14:38:16,673 [INFO] PluginManager:219 - loadIPPluginJar : add cryp
2024-06-16 14:38:16,720 [INFO] IPUIPlugin:79 - create IPUIPlugin
2024-06-16 14:38:16,721 [INFO] PluginManager:219 - loadIPPluginJar : add dfsdm
2024-06-16 14:38:16,758 [INFO] IPUIPlugin:79 - create IPUIPlugin
2024-06-16 14:38:16,759 [INFO] PluginManager:219 - loadIPPluginJar : add dma
2024-06-16 14:38:16,811 [INFO] IPUIPlugin:79 - create IPUIPlugin
2024-06-16 14:38:16,811 [INFO] PluginManager:219 - loadIPPluginJar : add dma3
2024-06-16 14:38:16,830 [INFO] IPUIPlugin:79 - create IPUIPlugin
2024-06-16 14:38:16,830 [INFO] PluginManager:219 - loadIPPluginJar : add fatfs
2024-06-16 14:38:16,885 [INFO] IPUIPlugin:79 - create IPUIPlugin
2024-06-16 14:38:16,885 [INFO] PluginManager:219 - loadIPPluginJar : add fmc
2024-06-16 14:38:16,901 [INFO] IPUIPlugin:79 - create IPUIPlugin
2024-06-16 14:38:16,901 [INFO] PluginManager:219 - loadIPPluginJar : add freertos
2024-06-16 14:38:16,920 [INFO] IPUIPlugin:79 - create IPUIPlugin
2024-06-16 14:38:16,920 [INFO] PluginManager:219 - loadIPPluginJar : add genericplugin
2024-06-16 14:38:17,011 [INFO] IPUIPlugin:79 - create IPUIPlugin
2024-06-16 14:38:17,011 [INFO] PluginManager:219 - loadIPPluginJar : add gfxmmu
2024-06-16 14:38:17,154 [INFO] IPUIPlugin:79 - create IPUIPlugin
2024-06-16 14:38:17,154 [INFO] PluginManager:219 - loadIPPluginJar : add gic
2024-06-16 14:38:17,170 [INFO] IPUIPlugin:79 - create IPUIPlugin
2024-06-16 14:38:17,170 [INFO] PluginManager:219 - loadIPPluginJar : add gpio
2024-06-16 14:38:17,249 [INFO] IPUIPlugin:79 - create IPUIPlugin
2024-06-16 14:38:17,249 [INFO] PluginManager:219 - loadIPPluginJar : add gtzc
2024-06-16 14:38:17,281 [INFO] IPUIPlugin:79 - create IPUIPlugin
2024-06-16 14:38:17,281 [INFO] PluginManager:219 - loadIPPluginJar : add hash
2024-06-16 14:38:17,329 [INFO] IPUIPlugin:79 - create IPUIPlugin
2024-06-16 14:38:17,329 [INFO] PluginManager:219 - loadIPPluginJar : add i2c
2024-06-16 14:38:17,361 [INFO] IPUIPlugin:79 - create IPUIPlugin
2024-06-16 14:38:17,361 [INFO] PluginManager:219 - loadIPPluginJar : add i2s
2024-06-16 14:38:17,455 [INFO] IPUIPlugin:79 - create IPUIPlugin
2024-06-16 14:38:17,455 [INFO] PluginManager:219 - loadIPPluginJar : add ipddr
2024-06-16 14:38:17,534 [INFO] IPUIPlugin:79 - create IPUIPlugin
2024-06-16 14:38:17,534 [INFO] PluginManager:219 - loadIPPluginJar : add linkedlist
2024-06-16 14:38:17,566 [INFO] IPUIPlugin:79 - create IPUIPlugin
2024-06-16 14:38:17,566 [INFO] PluginManager:219 - loadIPPluginJar : add lorawan
2024-06-16 14:38:17,598 [INFO] IPUIPlugin:79 - create IPUIPlugin
2024-06-16 14:38:17,613 [INFO] PluginManager:219 - loadIPPluginJar : add ltdc
2024-06-16 14:38:17,613 [INFO] IPUIPlugin:79 - create IPUIPlugin
2024-06-16 14:38:17,613 [INFO] PluginManager:219 - loadIPPluginJar : add mdma
2024-06-16 14:38:17,629 [INFO] IPUIPlugin:79 - create IPUIPlugin
2024-06-16 14:38:17,629 [INFO] PluginManager:219 - loadIPPluginJar : add nvic
2024-06-16 14:38:17,660 [INFO] IPUIPlugin:79 - create IPUIPlugin
2024-06-16 14:38:17,660 [INFO] PluginManager:219 - loadIPPluginJar : add opamp
2024-06-16 14:38:17,739 [INFO] IPUIPlugin:79 - create IPUIPlugin
2024-06-16 14:38:17,739 [INFO] PluginManager:219 - loadIPPluginJar : add openamp
2024-06-16 14:38:17,771 [INFO] IPUIPlugin:79 - create IPUIPlugin
2024-06-16 14:38:17,771 [INFO] PluginManager:219 - loadIPPluginJar : add pdm2pcm
2024-06-16 14:38:17,790 [INFO] IPUIPlugin:79 - create IPUIPlugin
2024-06-16 14:38:17,790 [INFO] PluginManager:219 - loadIPPluginJar : add plateformsettings
2024-06-16 14:38:17,802 [INFO] IPUIPlugin:79 - create IPUIPlugin
2024-06-16 14:38:17,802 [INFO] PluginManager:219 - loadIPPluginJar : add quadspi
2024-06-16 14:38:17,818 [INFO] IPUIPlugin:79 - create IPUIPlugin
2024-06-16 14:38:17,818 [INFO] PluginManager:219 - loadIPPluginJar : add resmgrutility
2024-06-16 14:38:17,865 [INFO] IPUIPlugin:79 - create IPUIPlugin
2024-06-16 14:38:17,865 [INFO] PluginManager:219 - loadIPPluginJar : add sai
2024-06-16 14:38:17,897 [INFO] IPUIPlugin:79 - create IPUIPlugin
2024-06-16 14:38:17,897 [INFO] PluginManager:219 - loadIPPluginJar : add spi
2024-06-16 14:38:17,944 [INFO] IPUIPlugin:79 - create IPUIPlugin
2024-06-16 14:38:17,944 [INFO] PluginManager:219 - loadIPPluginJar : add stm32_wpan
2024-06-16 14:38:17,975 [INFO] IPUIPlugin:79 - create IPUIPlugin
2024-06-16 14:38:17,975 [INFO] PluginManager:219 - loadIPPluginJar : add tim
2024-06-16 14:38:18,022 [INFO] IPUIPlugin:79 - create IPUIPlugin
2024-06-16 14:38:18,022 [INFO] PluginManager:219 - loadIPPluginJar : add touchsensing
2024-06-16 14:38:18,037 [INFO] IPUIPlugin:79 - create IPUIPlugin
2024-06-16 14:38:18,037 [INFO] PluginManager:219 - loadIPPluginJar : add tracer_emb
2024-06-16 14:38:18,053 [INFO] IPUIPlugin:79 - create IPUIPlugin
2024-06-16 14:38:18,053 [INFO] PluginManager:219 - loadIPPluginJar : add ts
2024-06-16 14:38:18,084 [INFO] IPUIPlugin:79 - create IPUIPlugin
2024-06-16 14:38:18,084 [INFO] PluginManager:219 - loadIPPluginJar : add tsc
2024-06-16 14:38:18,100 [INFO] IPUIPlugin:79 - create IPUIPlugin
2024-06-16 14:38:18,100 [INFO] PluginManager:219 - loadIPPluginJar : add ucpd
2024-06-16 14:38:18,132 [INFO] IPUIPlugin:79 - create IPUIPlugin
2024-06-16 14:38:18,147 [INFO] PluginManager:219 - loadIPPluginJar : add usart
2024-06-16 14:38:18,178 [INFO] IPUIPlugin:79 - create IPUIPlugin
2024-06-16 14:38:18,178 [INFO] PluginManager:219 - loadIPPluginJar : add usbx
2024-06-16 14:38:18,304 [INFO] CADModel:164 - CPN selected for project level
2024-06-16 14:38:18,304 [INFO] CADModel:113 - Register for checkConnection events
2024-06-16 14:38:18,304 [FATAL] Updater:308 - Updater called before beeing initialized
2024-06-16 14:38:18,304 [ERROR] CADModel:124 - Updater not yet initialized, retry later 
2024-06-16 14:38:18,430 [INFO] CADModel:164 - CPN selected for project level
2024-06-16 14:38:18,430 [INFO] CADModel:113 - Register for checkConnection events
2024-06-16 14:38:18,446 [FATAL] Updater:308 - Updater called before beeing initialized
2024-06-16 14:38:18,446 [ERROR] CADModel:124 - Updater not yet initialized, retry later 
2024-06-16 14:38:18,446 [FATAL] Updater:308 - Updater called before beeing initialized
2024-06-16 14:38:18,557 [FATAL] Updater:308 - Updater called before beeing initialized
2024-06-16 14:38:18,573 [INFO] DbMcusAds:52 - JSON generation date=Thu May 16 14:52:00 IST 2024 (1715851320667)
2024-06-16 14:38:18,573 [FATAL] Updater:308 - Updater called before beeing initialized
2024-06-16 14:38:18,621 [WARN] DetailPanel:344 - Failed to get advertising image, set to default
2024-06-16 14:38:18,732 [FATAL] Updater:308 - Updater called before beeing initialized
2024-06-16 14:38:18,732 [FATAL] Updater:308 - Updater called before beeing initialized
2024-06-16 14:38:18,732 [FATAL] Updater:308 - Updater called before beeing initialized
2024-06-16 14:38:18,732 [WARN] DetailPanel:344 - Failed to get advertising image, set to default
2024-06-16 14:38:18,732 [FATAL] Updater:308 - Updater called before beeing initialized
2024-06-16 14:38:18,791 [ERROR] Updater:1120 - MainUpdater not yet initialized. External WinMGr cannot be set.
2024-06-16 14:38:18,795 [INFO] Updater:1056 - Updater Version found : 6.7.0
2024-06-16 14:38:18,812 [INFO] ThirdPartyUpdaterWithRetryManager:70 - Updater plugin not ready yet. [2/15]
2024-06-16 14:38:18,812 [INFO] ApplicationProperties:181 - Using Application install path: C:\ST\STM32CubeIDE_1.11.2\STM32CubeIDE\plugins\com.st.stm32cube.common.mx_6.7.0.202301130839
2024-06-16 14:38:19,208 [INFO] MainUpdater:2800 - connection check result : 10
2024-06-16 14:38:19,208 [INFO] MainUpdater:282 - Updater Check For Update Now.
2024-06-16 14:38:19,208 [INFO] MicroXplorer:481 - Change Database Version : DB.6.0.70
2024-06-16 14:38:19,492 [INFO] CheckServerUpdateThread:119 - End of CheckServer Thread
2024-06-16 14:38:19,698 [INFO] MainUpdater:2800 - connection check result : 10
2024-06-16 14:38:20,470 [INFO] ApiDb:580 - Connected to CubeFinder SQLite database (C:\Users\rahul\.stmcufinder\plugins\mcufinder\mcu\cube-finder-db.db)
2024-06-16 14:38:20,533 [INFO] ApiDb:667 - CubeFinder database Data Model version=2.1
2024-06-16 14:38:20,533 [INFO] ApiDb:668 - CubeFinder database Configuration version=3.0.39
2024-06-16 14:38:20,533 [INFO] ApiDb:669 - CubeFinder database generation date=2024-05-16 (1715872938)
2024-06-16 14:38:20,533 [INFO] ApiDb:670 - CubeFinder database FW Pack versions=[FP-ATR-ASTRA1_V2.0.0, FP-SNS-FLIGHT1_V5.0.1, FP-SNS-FLIGHT1_V5.0.2, FP-SNS-MOTENV1_V4.3.1, FP-SNS-MOTENV1_V4.3.2, FP-SNS-MOTENV1_V5.0.0, FP-SNS-MOTENVWB1_V1.4.0, FP-SNS-SMARTAG2_V1.2.0, STM32Cube_FW_C0_V1.1.0, STM32Cube_FW_F4_V1.28.0, STM32Cube_FW_F7_V1.17.0, STM32Cube_FW_G0_V1.6.2, STM32Cube_FW_G4_V1.5.2, STM32Cube_FW_H5_V0.5.1, STM32Cube_FW_H5_V1.1.1, STM32Cube_FW_H5_V1.2.0, STM32Cube_FW_H5_V1.2.0RC4, STM32Cube_FW_H7RS_V1.0.0, STM32Cube_FW_H7RS_V1.0.0RC4, STM32Cube_FW_H7_V1.11.0, STM32Cube_FW_L0_V1.12.2, STM32Cube_FW_L5_V1.5.1, STM32Cube_FW_U0_V1.0.0, STM32Cube_FW_U0_V1.0.0RC1, STM32Cube_FW_U5_V1.3.0RC4, STM32Cube_FW_U5_V1.5.0, STM32Cube_FW_U5_V1.5.0RC1, STM32Cube_FW_WBA_V1.0.0RC1, STM32Cube_FW_WBA_V1.2.0, STM32Cube_FW_WBA_V1.2.0RC2, STM32Cube_FW_WBA_V1.3.0, STM32Cube_FW_WBA_V1.3.0RC1, STM32Cube_FW_WB_V1.15.0RC1, STM32Cube_FW_WB_V1.16.0, STM32Cube_FW_WB_V1.16.0RC2, STM32Cube_FW_WB_V1.18.0, STM32Cube_FW_WB_V1.19.0, STM32Cube_FW_WL_V1.3.0, X-CUBE-ALGOBUILD_V1.4.0, X-CUBE-ALS_V1.0.1, X-CUBE-AZRTOS-F4_V1.1.0, X-CUBE-AZRTOS-F7_V1.1.0, X-CUBE-AZRTOS-G0_V1.1.0, X-CUBE-AZRTOS-G4_V2.0.0, X-CUBE-AZRTOS-H7_V3.2.0, X-CUBE-AZRTOS-L4_V1.0.0, X-CUBE-AZRTOS-L4_V2.0.0, X-CUBE-AZRTOS-L5_V1.1.0, X-CUBE-AZRTOS-WB_V2.0.0, X-CUBE-AZRTOS-WL_V2.0.0, X-CUBE-BLE1_V7.0.0, X-CUBE-BLE2_V3.3.0, X-CUBE-BLEMGR_V3.1.0, X-CUBE-EEPRMA1_V4.1.0, X-CUBE-EEPRMA1_V5.1.0, X-CUBE-FREERTOS_V1.1.0, X-CUBE-GNSS1_V6.0.0, X-CUBE-MEMS1_V10.0.0, X-CUBE-MEMS1_V9.1.0, X-CUBE-MEMS1_V9.4.0, X-CUBE-MEMS1_V9.6.0, X-CUBE-NFC4_V3.0.0, X-CUBE-NFC7_V1.0.1, X-CUBE-SFXS2LP1_V4.0.0, X-CUBE-SUBG2_V5.0.0, X-CUBE-TOF1_V3.4.0]
2024-06-16 14:38:22,153 [WARN] PackLoader:242 - Cannot read IP mode file for STMicroelectronics.FP-SNS-MOTENVWB1.1.4.0
2024-06-16 14:38:22,184 [WARN] PackLoader:242 - Cannot read IP mode file for STMicroelectronics.X-CUBE-SMBUS.2.1.0
2024-06-16 14:38:22,200 [WARN] PackLoader:242 - Cannot read IP mode file for STMicroelectronics.X-CUBE-SUBG2.4.1.0
2024-06-16 14:38:22,235 [WARN] PackLoader:242 - Cannot read IP mode file for STMicroelectronics.X-CUBE-TOUCHGFX.4.23.2
2024-06-16 14:38:22,325 [WARN] PackLoader:242 - Cannot read IP mode file for STMicroelectronics.X-CUBE-AZRTOS-H7.1.1.0
2024-06-16 14:38:22,388 [WARN] PackLoader:242 - Cannot read IP mode file for STMicroelectronics.X-CUBE-AZRTOS-F7.1.1.0
2024-06-16 14:38:22,404 [ERROR] RealEvaluatedCondition:430 - Found unsupported composite condition: CLASS='Data Exchange' GROUP='STM32_MetaDataManager'
2024-06-16 14:38:22,404 [ERROR] RealEvaluatedCondition:430 - Found unsupported composite condition: GROUP='STM32_MetaDataManager' CLASS='Data Exchange'
2024-06-16 14:38:22,404 [WARN] PackLoader:242 - Cannot read IP mode file for STMicroelectronics.FP-SNS-MOTENV1.4.3.0
2024-06-16 14:38:22,435 [WARN] PackLoader:242 - Cannot read IP mode file for STMicroelectronics.FP-SNS-MOTENV1.4.3.2
2024-06-16 14:38:22,451 [WARN] PackLoader:242 - Cannot read IP mode file for STMicroelectronics.FP-SNS-FLIGHT1.5.0.0
2024-06-16 14:38:22,467 [WARN] PackLoader:242 - Cannot read IP mode file for STMicroelectronics.X-CUBE-BLE1.6.2.3
2024-06-16 14:38:22,467 [WARN] PackLoader:242 - Cannot read IP mode file for STMicroelectronics.X-CUBE-EEPRMA1.3.0.0
2024-06-16 14:38:22,483 [WARN] PackLoader:242 - Cannot read IP mode file for STMicroelectronics.X-CUBE-BLE1.6.2.4
2024-06-16 14:38:22,499 [WARN] PackLoader:242 - Cannot read IP mode file for STMicroelectronics.X-CUBE-BLE1.6.2.0
2024-06-16 14:38:22,515 [WARN] PackLoader:242 - Cannot read IP mode file for STMicroelectronics.X-CUBE-BLE1.6.2.1
2024-06-16 14:38:22,547 [WARN] PackLoader:242 - Cannot read IP mode file for STMicroelectronics.X-CUBE-BLE2.3.2.1
2024-06-16 14:38:22,563 [WARN] PackLoader:242 - Cannot read IP mode file for STMicroelectronics.FP-SNS-FLIGHT1.5.0.2
2024-06-16 14:38:22,563 [WARN] PackLoader:242 - Cannot read IP mode file for STMicroelectronics.X-CUBE-BLE2.3.2.2
2024-06-16 14:38:22,579 [WARN] PackLoader:242 - Cannot read IP mode file for STMicroelectronics.X-CUBE-BLE2.3.2.0
2024-06-16 14:38:22,595 [WARN] PackLoader:242 - Cannot read IP mode file for STMicroelectronics.X-CUBE-DISPLAY.3.0.0
2024-06-16 14:38:22,673 [WARN] PackLoader:242 - Cannot read IP mode file for STMicroelectronics.X-CUBE-BLE1.7.0.0
2024-06-16 14:38:22,704 [WARN] PackLoader:242 - Cannot read IP mode file for STMicroelectronics.X-CUBE-TOUCHGFX.4.22.0
2024-06-16 14:38:22,720 [WARN] PackLoader:242 - Cannot read IP mode file for STMicroelectronics.X-CUBE-TOUCHGFX.4.22.1
2024-06-16 14:38:22,736 [WARN] PackLoader:242 - Cannot read IP mode file for STMicroelectronics.X-CUBE-SUBG2.4.2.0
2024-06-16 14:38:22,939 [WARN] PackLoader:242 - Cannot read IP mode file for STMicroelectronics.X-CUBE-AZRTOS-H7.1.0.0
2024-06-16 14:38:23,111 [WARN] PackLoader:242 - Cannot read IP mode file for STMicroelectronics.X-CUBE-MEMS1.9.3.0
2024-06-16 14:38:23,407 [INFO] ApiDb:239 - Found 143 in-development CPN: [B-WB1M-WPAN1, B-WL5M-SUBG1, NUCLEO-C031C6, STEVAL-PROTEUS1, STEVAL-STWINBX1, STM320518-EVAL, STM32C0116-DK, STM32C011D6Y3TR, STM32C011D6Y6TR, STM32C011F4P3, STM32C011F4P6, STM32C011F4U3, STM32C011F4U6TR, STM32C011F6P3, STM32C011F6P6, STM32C011F6U3, STM32C011F6U6TR, STM32C011J4M3, STM32C011J4M6, STM32C011J6M3, STM32C011J6M6, STM32C0316-DK, STM32C031C4T3, STM32C031C4T6, STM32C031C4U3, STM32C031C4U6, STM32C031C6T3, STM32C031C6T6, STM32C031C6U3, STM32C031C6U6, STM32C031F4P3, STM32C031F4P6, STM32C031F6P3, STM32C031F6P6, STM32C031G4U3, STM32C031G4U6, STM32C031G6U3, STM32C031G6U6, STM32C031K4T3, STM32C031K4T6, STM32C031K4U3, STM32C031K4U6, STM32C031K6T3, STM32C031K6T6, STM32C031K6U3, STM32C031K6U6, STM32G071K8TXN, STM32G071K8UXN, STM32G081GBU6N, STM32G081KBT6N, STM32G081KBUXN, STM32G0B1CCT6N, STM32G0B1KCT6, STM32G0B1NEY6TR, STM32G0B1RCT6N, STM32G0C1CCT6, STM32G0C1CCT6N, STM32G0C1CCU6N, STM32G0C1CET6N, STM32G0C1CEU6N, STM32G0C1KCT6, STM32G0C1NEY6TR, STM32G0C1RCI6N, STM32G0C1RCT6N, STM32G0C1REI6N, STM32G0C1RET6N, STM32G0C1VCI6, STM32G0C1VEI6, STM32G471CCT6, STM32G471CCU6, STM32G471CET3, STM32G471CET6, STM32G471CEU3, STM32G471CEU6, STM32G471MCT6, STM32G471MET3, STM32G471MET6, STM32G471MEY6TR, STM32G471QCT6, STM32G471QET3, STM32G471RCT6, STM32G471RET3, STM32G471RET6, STM32G471VCH6, STM32G471VCI6, STM32G471VCT6, STM32G471VEH3, STM32G471VEH6, STM32G471VEI3, STM32G471VEI6, STM32G471VET3, STM32G471VET6, STM32G474CCT6, STM32L476VGY6PTR, STM32L4R5QGI6STR, STM32MP131AAE3, STM32MP131AAF3, STM32MP131AAG3, STM32MP131CAE3, STM32MP131CAF3, STM32MP131CAG3, STM32MP131DAE7, STM32MP131DAF7, STM32MP131DAG7, STM32MP131FAE7, STM32MP131FAF7, STM32MP131FAG7, STM32MP133AAE3, STM32MP133AAF3, STM32MP133AAG3, STM32MP133CAE3, STM32MP133CAF3, STM32MP133CAG3, STM32MP133DAE7, STM32MP133DAF7, STM32MP133DAG7, STM32MP133FAE7, STM32MP133FAF7, STM32MP133FAG7, STM32MP135AAE3, STM32MP135AAF3, STM32MP135AAG3, STM32MP135CAE3, STM32MP135CAF3, STM32MP135CAG3, STM32MP135DAE7, STM32MP135DAF7, STM32MP135DAG7, STM32MP135F-DK, STM32MP135FAE7, STM32MP135FAF7, STM32MP135FAF7T, STM32MP135FAF7U, STM32MP135FAG7, STM32U595ZJT6Q, STM32U599BJY6QTR, STM32U599NIH6Q, STM32U599NJH6Q, STM32U5A5ZJT6Q, STM32U5A9BJY6QTR, STM32U5A9NJH6Q, STM32WB1MMCH6, STM32WL5MOCH6TR]
2024-06-16 14:38:23,423 [INFO] DbMcus:215 - Found 4064 MCUs, 4064 are supported
2024-06-16 14:38:23,454 [INFO] ApiDb:422 - Load user favorites file C:\Users\rahul/.stm32cubeide/favorites.mcus.txt: 0 item(s)
2024-06-16 14:38:23,454 [INFO] ApiDb:426 - User favorites MCUs=[]
2024-06-16 14:38:23,470 [INFO] DbMcus:221 - Set 0 / 0 favorites MCUs
2024-06-16 14:38:23,751 [WARN] PackLoader:242 - Cannot read IP mode file for STMicroelectronics.X-CUBE-BLEMGR.3.1.0
2024-06-16 14:38:23,923 [WARN] PackLoader:242 - Cannot read IP mode file for STMicroelectronics.FP-SNS-SMARTAG2.1.2.0
2024-06-16 14:38:23,954 [INFO] LogOutputStream:76 - [STDOUT_REDIRECT] 1 : Invalid condition id : UX_CORESTACK_Condition cause : null
2024-06-16 14:38:23,954 [INFO] LogOutputStream:76 - [STDOUT_REDIRECT] 1 : Invalid condition id : UX_CORESTACK_Condition cause : null
2024-06-16 14:38:23,954 [INFO] LogOutputStream:76 - [STDOUT_REDIRECT] 1 : Invalid condition id : UX_CORESTACK_Condition cause : null
2024-06-16 14:38:23,954 [INFO] LogOutputStream:76 - [STDOUT_REDIRECT] 1 : Invalid condition id : UX_CORESTACK_Condition cause : null
2024-06-16 14:38:23,954 [INFO] LogOutputStream:76 - [STDOUT_REDIRECT] 1 : Invalid condition id : UX_CORESTACK_Condition cause : null
2024-06-16 14:38:23,970 [WARN] PackLoader:242 - Cannot read IP mode file for STMicroelectronics.X-CUBE-AZRTOS-WL.2.0.0
2024-06-16 14:38:24,001 [WARN] PackLoader:242 - Cannot read IP mode file for STMicroelectronics.X-CUBE-ALGOBUILD.1.2.1
2024-06-16 14:38:24,017 [WARN] PackLoader:242 - Cannot read IP mode file for STMicroelectronics.FP-SNS-MOTENV1.5.0.0
2024-06-16 14:38:24,017 [INFO] McuFinderGlobals:65 - Set McuFinderConnectedMode to true
2024-06-16 14:38:24,032 [INFO] MultiScanPanel:196 - Auto-refresh data requested => check proxy status ongoing
2024-06-16 14:38:24,032 [INFO] FinderPluginLoader:92 - Searching for filters in installed packs
2024-06-16 14:38:24,032 [WARN] PackLoader:242 - Cannot read IP mode file for STMicroelectronics.X-CUBE-ALGOBUILD.1.2.0
2024-06-16 14:38:24,048 [WARN] PackLoader:242 - Cannot read IP mode file for WES.I-CUBE-Cesium.1.3.0
2024-06-16 14:38:24,079 [WARN] PackLoader:242 - Cannot read IP mode file for STMicroelectronics.X-CUBE-BLE2.3.3.0
2024-06-16 14:38:24,095 [WARN] PackLoader:242 - Cannot read IP mode file for STMicroelectronics.X-CUBE-DISPLAY.2.2.0
2024-06-16 14:38:24,142 [WARN] PackLoader:242 - Cannot read IP mode file for STMicroelectronics.X-CUBE-TOF1.3.2.0
2024-06-16 14:38:24,157 [WARN] PackLoader:242 - Cannot read IP mode file for STMicroelectronics.X-CUBE-TOUCHGFX.4.18.1
2024-06-16 14:38:24,220 [WARN] PackLoader:242 - Cannot read IP mode file for STMicroelectronics.X-CUBE-AZRTOS-H7.2.1.0
2024-06-16 14:38:24,235 [WARN] PackLoader:242 - Cannot read IP mode file for STMicroelectronics.X-CUBE-TCPP.4.1.0
2024-06-16 14:38:24,251 [WARN] PackLoader:242 - Cannot read IP mode file for STMicroelectronics.X-CUBE-TOUCHGFX.4.21.1
2024-06-16 14:38:24,502 [WARN] PackLoader:242 - Cannot read IP mode file for STMicroelectronics.X-CUBE-TOUCHGFX.4.21.3
2024-06-16 14:38:24,506 [WARN] PackLoader:242 - Cannot read IP mode file for STMicroelectronics.X-CUBE-TOUCHGFX.4.21.4
2024-06-16 14:38:24,596 [WARN] PackLoader:242 - Cannot read IP mode file for STMicroelectronics.X-CUBE-MEMS1.9.4.0
2024-06-16 14:38:26,346 [WARN] PackLoader:242 - Cannot read IP mode file for STMicroelectronics.X-CUBE-AI.7.3.0
2024-06-16 14:38:26,627 [WARN] PackLoader:242 - Cannot read IP mode file for STMicroelectronics.X-CUBE-ALGOBUILD.1.3.0
2024-06-16 14:38:26,689 [WARN] PackLoader:242 - Cannot read IP mode file for STMicroelectronics.X-CUBE-AZRTOS-G0.1.1.0
2024-06-16 14:38:26,709 [WARN] PackLoader:242 - Cannot read IP mode file for STMicroelectronics.X-CUBE-SAFEA1.1.2.2
2024-06-16 14:38:26,736 [WARN] PackLoader:242 - Cannot read IP mode file for STMicroelectronics.X-CUBE-NFC4.3.0.0
2024-06-16 14:38:26,830 [WARN] PackLoader:242 - Cannot read IP mode file for SEGGER.I-CUBE-embOS.1.2.0
2024-06-16 14:38:27,143 [INFO] LoadUrlFilesThread:179 - End of LoadServerUrlFiles without Thread
2024-06-16 14:38:27,174 [INFO] DetailPanel:339 - Set advertising image to C:/Users/rahul/STM32Cube/Repository/\en.prom-stm32h7rs-mcu-finder.jpg
2024-06-16 14:38:27,377 [WARN] PackLoader:242 - Cannot read IP mode file for wolfSSL.I-CUBE-wolfMQTT.1.18.0
2024-06-16 14:38:28,424 [WARN] PackLoader:242 - Cannot read IP mode file for STMicroelectronics.X-CUBE-TOUCHGFX.4.17.0
2024-06-16 14:38:28,893 [INFO] ApiDb:667 - CubeFinder database Data Model version=2.1
2024-06-16 14:38:28,893 [INFO] ApiDb:668 - CubeFinder database Configuration version=3.0.39
2024-06-16 14:38:28,893 [INFO] ApiDb:669 - CubeFinder database generation date=2024-05-16 (1715872938)
2024-06-16 14:38:28,893 [INFO] ApiDb:670 - CubeFinder database FW Pack versions=[FP-ATR-ASTRA1_V2.0.0, FP-SNS-FLIGHT1_V5.0.1, FP-SNS-FLIGHT1_V5.0.2, FP-SNS-MOTENV1_V4.3.1, FP-SNS-MOTENV1_V4.3.2, FP-SNS-MOTENV1_V5.0.0, FP-SNS-MOTENVWB1_V1.4.0, FP-SNS-SMARTAG2_V1.2.0, STM32Cube_FW_C0_V1.1.0, STM32Cube_FW_F4_V1.28.0, STM32Cube_FW_F7_V1.17.0, STM32Cube_FW_G0_V1.6.2, STM32Cube_FW_G4_V1.5.2, STM32Cube_FW_H5_V0.5.1, STM32Cube_FW_H5_V1.1.1, STM32Cube_FW_H5_V1.2.0, STM32Cube_FW_H5_V1.2.0RC4, STM32Cube_FW_H7RS_V1.0.0, STM32Cube_FW_H7RS_V1.0.0RC4, STM32Cube_FW_H7_V1.11.0, STM32Cube_FW_L0_V1.12.2, STM32Cube_FW_L5_V1.5.1, STM32Cube_FW_U0_V1.0.0, STM32Cube_FW_U0_V1.0.0RC1, STM32Cube_FW_U5_V1.3.0RC4, STM32Cube_FW_U5_V1.5.0, STM32Cube_FW_U5_V1.5.0RC1, STM32Cube_FW_WBA_V1.0.0RC1, STM32Cube_FW_WBA_V1.2.0, STM32Cube_FW_WBA_V1.2.0RC2, STM32Cube_FW_WBA_V1.3.0, STM32Cube_FW_WBA_V1.3.0RC1, STM32Cube_FW_WB_V1.15.0RC1, STM32Cube_FW_WB_V1.16.0, STM32Cube_FW_WB_V1.16.0RC2, STM32Cube_FW_WB_V1.18.0, STM32Cube_FW_WB_V1.19.0, STM32Cube_FW_WL_V1.3.0, X-CUBE-ALGOBUILD_V1.4.0, X-CUBE-ALS_V1.0.1, X-CUBE-AZRTOS-F4_V1.1.0, X-CUBE-AZRTOS-F7_V1.1.0, X-CUBE-AZRTOS-G0_V1.1.0, X-CUBE-AZRTOS-G4_V2.0.0, X-CUBE-AZRTOS-H7_V3.2.0, X-CUBE-AZRTOS-L4_V1.0.0, X-CUBE-AZRTOS-L4_V2.0.0, X-CUBE-AZRTOS-L5_V1.1.0, X-CUBE-AZRTOS-WB_V2.0.0, X-CUBE-AZRTOS-WL_V2.0.0, X-CUBE-BLE1_V7.0.0, X-CUBE-BLE2_V3.3.0, X-CUBE-BLEMGR_V3.1.0, X-CUBE-EEPRMA1_V4.1.0, X-CUBE-EEPRMA1_V5.1.0, X-CUBE-FREERTOS_V1.1.0, X-CUBE-GNSS1_V6.0.0, X-CUBE-MEMS1_V10.0.0, X-CUBE-MEMS1_V9.1.0, X-CUBE-MEMS1_V9.4.0, X-CUBE-MEMS1_V9.6.0, X-CUBE-NFC4_V3.0.0, X-CUBE-NFC7_V1.0.1, X-CUBE-SFXS2LP1_V4.0.0, X-CUBE-SUBG2_V5.0.0, X-CUBE-TOF1_V3.4.0]
2024-06-16 14:38:29,050 [INFO] DbBoardsSqlite:225 - include board P-NUCLEO-WB55-NUCLEO as a kit item of type 'Nucleo-64'
2024-06-16 14:38:29,050 [INFO] DbBoardsSqlite:225 - include board P-NUCLEO-WB55-USBDONGLE as a kit item of type 'Nucleo USB Dongle'
2024-06-16 14:38:29,050 [INFO] DbBoardsSqlite:225 - include board STEVAL-IDP005V1 as a kit item of type 'Evaluation Board'
2024-06-16 14:38:29,065 [INFO] DbBoardsSqlite:225 - include board STEVAL-IDP005V2 as a kit item of type 'Evaluation Board'
2024-06-16 14:38:29,081 [WARN] PackLoader:242 - Cannot read IP mode file for STMicroelectronics.X-CUBE-BLEMGR.3.0.0
2024-06-16 14:38:29,159 [WARN] PackLoader:242 - Cannot read IP mode file for STMicroelectronics.X-CUBE-BLEMGR.1.3.0
2024-06-16 14:38:29,237 [WARN] PackLoader:242 - Cannot read IP mode file for STMicroelectronics.X-CUBE-AZRTOS-H7.2.0.0
2024-06-16 14:38:29,268 [INFO] ApiDb:239 - Found 143 in-development CPN: [B-WB1M-WPAN1, B-WL5M-SUBG1, NUCLEO-C031C6, STEVAL-PROTEUS1, STEVAL-STWINBX1, STM320518-EVAL, STM32C0116-DK, STM32C011D6Y3TR, STM32C011D6Y6TR, STM32C011F4P3, STM32C011F4P6, STM32C011F4U3, STM32C011F4U6TR, STM32C011F6P3, STM32C011F6P6, STM32C011F6U3, STM32C011F6U6TR, STM32C011J4M3, STM32C011J4M6, STM32C011J6M3, STM32C011J6M6, STM32C0316-DK, STM32C031C4T3, STM32C031C4T6, STM32C031C4U3, STM32C031C4U6, STM32C031C6T3, STM32C031C6T6, STM32C031C6U3, STM32C031C6U6, STM32C031F4P3, STM32C031F4P6, STM32C031F6P3, STM32C031F6P6, STM32C031G4U3, STM32C031G4U6, STM32C031G6U3, STM32C031G6U6, STM32C031K4T3, STM32C031K4T6, STM32C031K4U3, STM32C031K4U6, STM32C031K6T3, STM32C031K6T6, STM32C031K6U3, STM32C031K6U6, STM32G071K8TXN, STM32G071K8UXN, STM32G081GBU6N, STM32G081KBT6N, STM32G081KBUXN, STM32G0B1CCT6N, STM32G0B1KCT6, STM32G0B1NEY6TR, STM32G0B1RCT6N, STM32G0C1CCT6, STM32G0C1CCT6N, STM32G0C1CCU6N, STM32G0C1CET6N, STM32G0C1CEU6N, STM32G0C1KCT6, STM32G0C1NEY6TR, STM32G0C1RCI6N, STM32G0C1RCT6N, STM32G0C1REI6N, STM32G0C1RET6N, STM32G0C1VCI6, STM32G0C1VEI6, STM32G471CCT6, STM32G471CCU6, STM32G471CET3, STM32G471CET6, STM32G471CEU3, STM32G471CEU6, STM32G471MCT6, STM32G471MET3, STM32G471MET6, STM32G471MEY6TR, STM32G471QCT6, STM32G471QET3, STM32G471RCT6, STM32G471RET3, STM32G471RET6, STM32G471VCH6, STM32G471VCI6, STM32G471VCT6, STM32G471VEH3, STM32G471VEH6, STM32G471VEI3, STM32G471VEI6, STM32G471VET3, STM32G471VET6, STM32G474CCT6, STM32L476VGY6PTR, STM32L4R5QGI6STR, STM32MP131AAE3, STM32MP131AAF3, STM32MP131AAG3, STM32MP131CAE3, STM32MP131CAF3, STM32MP131CAG3, STM32MP131DAE7, STM32MP131DAF7, STM32MP131DAG7, STM32MP131FAE7, STM32MP131FAF7, STM32MP131FAG7, STM32MP133AAE3, STM32MP133AAF3, STM32MP133AAG3, STM32MP133CAE3, STM32MP133CAF3, STM32MP133CAG3, STM32MP133DAE7, STM32MP133DAF7, STM32MP133DAG7, STM32MP133FAE7, STM32MP133FAF7, STM32MP133FAG7, STM32MP135AAE3, STM32MP135AAF3, STM32MP135AAG3, STM32MP135CAE3, STM32MP135CAF3, STM32MP135CAG3, STM32MP135DAE7, STM32MP135DAF7, STM32MP135DAG7, STM32MP135F-DK, STM32MP135FAE7, STM32MP135FAF7, STM32MP135FAF7T, STM32MP135FAF7U, STM32MP135FAG7, STM32U595ZJT6Q, STM32U599BJY6QTR, STM32U599NIH6Q, STM32U599NJH6Q, STM32U5A5ZJT6Q, STM32U5A9BJY6QTR, STM32U5A9NJH6Q, STM32WB1MMCH6, STM32WL5MOCH6TR]
2024-06-16 14:38:29,284 [WARN] PackLoader:242 - Cannot read IP mode file for STMicroelectronics.FP-ATR-SIGFOX1.3.2.0
2024-06-16 14:38:29,300 [INFO] BoardInfo:879 - No configuration file found for board B-G473E-ZEST1S
2024-06-16 14:38:29,300 [INFO] DbBoards:156 - Board is not supported: B-G473E-ZEST1S
2024-06-16 14:38:29,315 [WARN] PackLoader:242 - Cannot read IP mode file for STMicroelectronics.X-CUBE-EEPRMA1.5.1.0
2024-06-16 14:38:29,347 [WARN] PackLoader:242 - Cannot read IP mode file for STMicroelectronics.X-CUBE-TOUCHGFX.4.20.0
2024-06-16 14:38:29,425 [INFO] BoardInfo:879 - No configuration file found for board NUCLEO-H503RB
2024-06-16 14:38:29,425 [INFO] DbBoards:156 - Board is not supported: NUCLEO-H503RB
2024-06-16 14:38:29,425 [INFO] BoardInfo:879 - No configuration file found for board NUCLEO-H533RE
2024-06-16 14:38:29,425 [INFO] DbBoards:156 - Board is not supported: NUCLEO-H533RE
2024-06-16 14:38:29,425 [WARN] PackLoader:242 - Cannot read IP mode file for STMicroelectronics.X-CUBE-MEMS1.9.5.0
2024-06-16 14:38:29,425 [INFO] BoardInfo:879 - No configuration file found for board NUCLEO-H563ZI
2024-06-16 14:38:29,425 [INFO] DbBoards:156 - Board is not supported: NUCLEO-H563ZI
2024-06-16 14:38:29,472 [INFO] BoardInfo:879 - No configuration file found for board NUCLEO-H7S3L8
2024-06-16 14:38:29,472 [INFO] DbBoards:156 - Board is not supported: NUCLEO-H7S3L8
2024-06-16 14:38:29,690 [INFO] BoardInfo:879 - No configuration file found for board NUCLEO-U031R8
2024-06-16 14:38:29,690 [INFO] DbBoards:156 - Board is not supported: NUCLEO-U031R8
2024-06-16 14:38:29,690 [INFO] BoardInfo:879 - No configuration file found for board NUCLEO-U083RC
2024-06-16 14:38:29,690 [INFO] DbBoards:156 - Board is not supported: NUCLEO-U083RC
2024-06-16 14:38:29,690 [INFO] BoardInfo:879 - No configuration file found for board NUCLEO-U545RE-Q
2024-06-16 14:38:29,690 [INFO] DbBoards:156 - Board is not supported: NUCLEO-U545RE-Q
2024-06-16 14:38:29,690 [INFO] BoardInfo:879 - No configuration file found for board NUCLEO-U5A5ZJ-Q
2024-06-16 14:38:29,690 [INFO] DbBoards:156 - Board is not supported: NUCLEO-U5A5ZJ-Q
2024-06-16 14:38:29,737 [INFO] BoardInfo:879 - No configuration file found for board NUCLEO-WBA52CG
2024-06-16 14:38:29,737 [INFO] DbBoards:156 - Board is not supported: NUCLEO-WBA52CG
2024-06-16 14:38:29,737 [INFO] BoardInfo:879 - No configuration file found for board NUCLEO-WBA55CG
2024-06-16 14:38:29,737 [INFO] DbBoards:156 - Board is not supported: NUCLEO-WBA55CG
2024-06-16 14:38:29,753 [INFO] BoardInfo:879 - No configuration file found for board P-NUCLEO-WB55
2024-06-16 14:38:29,753 [INFO] DbBoards:156 - Kit is not supported: P-NUCLEO-WB55
2024-06-16 14:38:29,768 [INFO] BoardInfo:879 - No configuration file found for board STEVAL-BFA001V1B
2024-06-16 14:38:29,768 [INFO] DbBoards:156 - Kit is not supported: STEVAL-BFA001V1B
2024-06-16 14:38:29,768 [INFO] BoardInfo:879 - No configuration file found for board STEVAL-BFA001V2B
2024-06-16 14:38:29,768 [INFO] DbBoards:156 - Kit is not supported: STEVAL-BFA001V2B
2024-06-16 14:38:29,768 [INFO] BoardInfo:879 - No configuration file found for board STEVAL-MKBOXPRO
2024-06-16 14:38:29,768 [INFO] DbBoards:156 - Board is not supported: STEVAL-MKBOXPRO
2024-06-16 14:38:29,784 [INFO] BoardInfo:879 - No configuration file found for board STEVAL-SMARTAG2
2024-06-16 14:38:29,784 [INFO] DbBoards:156 - Board is not supported: STEVAL-SMARTAG2
2024-06-16 14:38:30,081 [INFO] BoardInfo:879 - No configuration file found for board STM32H573I-DK
2024-06-16 14:38:30,081 [INFO] DbBoards:156 - Board is not supported: STM32H573I-DK
2024-06-16 14:38:30,112 [INFO] BoardInfo:879 - No configuration file found for board STM32H7S78-DK
2024-06-16 14:38:30,112 [INFO] DbBoards:156 - Board is not supported: STM32H7S78-DK
2024-06-16 14:38:30,237 [INFO] BoardInfo:879 - No configuration file found for board STM32U083C-DK
2024-06-16 14:38:30,237 [INFO] DbBoards:156 - Board is not supported: STM32U083C-DK
2024-06-16 14:38:30,237 [INFO] BoardInfo:879 - No configuration file found for board STM32U5A9J-DK
2024-06-16 14:38:30,237 [INFO] DbBoards:156 - Board is not supported: STM32U5A9J-DK
2024-06-16 14:38:30,253 [INFO] BoardInfo:879 - No configuration file found for board STM32U5G9J-DK1
2024-06-16 14:38:30,253 [INFO] DbBoards:156 - Board is not supported: STM32U5G9J-DK1
2024-06-16 14:38:30,253 [INFO] BoardInfo:879 - No configuration file found for board STM32U5G9J-DK2
2024-06-16 14:38:30,253 [INFO] DbBoards:156 - Board is not supported: STM32U5G9J-DK2
2024-06-16 14:38:30,268 [INFO] BoardInfo:879 - No configuration file found for board STM32WBA55G-DK1
2024-06-16 14:38:30,268 [INFO] DbBoards:156 - Board is not supported: STM32WBA55G-DK1
2024-06-16 14:38:30,268 [INFO] DbBoards:160 - Found 199 boards, 176 are supported
2024-06-16 14:38:30,471 [WARN] PackLoader:242 - Cannot read IP mode file for SEGGER.I-CUBE-embOS.1.3.1
2024-06-16 14:38:30,581 [INFO] ApiDb:422 - Load user favorites file C:\Users\rahul/.stm32cubeide/favorites.boards.txt: 1 item(s)
2024-06-16 14:38:30,581 [INFO] ApiDb:426 - User favorites Boards=[NUCLEO-F302R8]
2024-06-16 14:38:30,581 [INFO] DbBoards:189 - Set 1 / 1 favorites Boards
2024-06-16 14:38:31,237 [WARN] PackLoader:242 - Cannot read IP mode file for STMicroelectronics.X-CUBE-ALGOBUILD.1.4.0
2024-06-16 14:38:31,737 [WARN] PackLoader:242 - Cannot read IP mode file for STMicroelectronics.X-CUBE-TOUCHGFX.4.16.1
2024-06-16 14:38:31,815 [WARN] PackLoader:242 - Cannot read IP mode file for STMicroelectronics.X-CUBE-GNSS1.6.0.0
2024-06-16 14:38:33,878 [WARN] PackLoader:242 - Cannot read IP mode file for STMicroelectronics.X-CUBE-AZRTOS-F4.1.1.0
2024-06-16 14:38:33,909 [WARN] PackLoader:242 - Cannot read IP mode file for STMicroelectronics.X-CUBE-FREERTOS.1.2.0
2024-06-16 14:38:34,096 [WARN] PackLoader:242 - Cannot read IP mode file for STMicroelectronics.X-CUBE-BLEMGR.1.2.0
2024-06-16 14:38:34,299 [WARN] PackLoader:242 - Cannot read IP mode file for STMicroelectronics.X-CUBE-AZRTOS-L5.2.0.0
2024-06-16 14:38:34,549 [WARN] PackLoader:242 - Cannot read IP mode file for STMicroelectronics.X-CUBE-MEMS1.9.6.0
2024-06-16 14:38:34,785 [WARN] PackLoader:242 - Cannot read IP mode file for STMicroelectronics.X-CUBE-EEPRMA1.4.2.0
2024-06-16 14:38:34,800 [WARN] PackLoader:242 - Cannot read IP mode file for STMicroelectronics.X-CUBE-NFC6.3.1.0
2024-06-16 14:38:34,832 [WARN] PackLoader:242 - Cannot read IP mode file for ITTIA_DB.I-CUBE-ITTIADB.8.8.0
2024-06-16 14:38:34,847 [WARN] PackLoader:242 - Cannot read IP mode file for emotas.I-CUBE-CANOPEN.1.1.3
2024-06-16 14:38:34,878 [WARN] PackLoader:242 - Cannot read IP mode file for STMicroelectronics.X-CUBE-BLEMGR.2.0.0
2024-06-16 14:38:34,894 [WARN] PackLoader:242 - Cannot read IP mode file for STMicroelectronics.X-CUBE-NFC4.2.0.5
2024-06-16 14:38:34,910 [WARN] PackLoader:242 - Cannot read IP mode file for STMicroelectronics.X-CUBE-NFC4.2.0.3
2024-06-16 14:38:35,832 [WARN] PackLoader:242 - Cannot read IP mode file for STMicroelectronics.X-CUBE-NFC4.2.0.2
2024-06-16 14:38:36,035 [WARN] PackLoader:242 - Cannot read IP mode file for STMicroelectronics.X-CUBE-AI.9.0.0
2024-06-16 14:38:36,207 [WARN] ConditionMgr:437 - getConditionDescription Invalid condition id : UX DEVICE CLASS RTOS Condition cause : null
2024-06-16 14:38:36,207 [WARN] ConditionMgr:437 - getConditionDescription Invalid condition id : UX DEVICE CLASS RTOS Condition cause : null
2024-06-16 14:38:36,207 [WARN] PackLoader:242 - Cannot read IP mode file for STMicroelectronics.X-CUBE-AZRTOS-H7.3.1.0
2024-06-16 14:38:36,207 [WARN] ConditionMgr:1038 - genDependencies : Invalid condition id : UX DEVICE CLASS RTOS Condition cause : null
2024-06-16 14:38:36,207 [WARN] ConditionMgr:1038 - genDependencies : Invalid condition id : UX DEVICE CLASS RTOS Condition cause : null
2024-06-16 14:38:36,207 [WARN] ConditionMgr:1038 - genDependencies : Invalid condition id : UX DEVICE CLASS RTOS Condition cause : null
2024-06-16 14:38:36,207 [WARN] ConditionMgr:1038 - genDependencies : Invalid condition id : UX DEVICE CLASS RTOS Condition cause : null
2024-06-16 14:38:36,207 [WARN] ConditionMgr:1038 - genDependencies : Invalid condition id : UX DEVICE CLASS RTOS Condition cause : null
2024-06-16 14:38:36,567 [WARN] PackLoader:242 - Cannot read IP mode file for STMicroelectronics.X-CUBE-SFXS2LP1.3.1.0
2024-06-16 14:38:36,613 [WARN] PackLoader:242 - Cannot read IP mode file for STMicroelectronics.X-CUBE-AZRTOS-F4.1.0.0
2024-06-16 14:38:36,692 [WARN] PackLoader:242 - Cannot read IP mode file for wolfSSL.I-CUBE-wolfSSL.5.5.4
2024-06-16 14:38:36,723 [WARN] PackLoader:242 - Cannot read IP mode file for STMicroelectronics.X-CUBE-TOF1.2.0.0
2024-06-16 14:38:36,738 [WARN] PackLoader:242 - Cannot read IP mode file for STMicroelectronics.X-CUBE-NFC7.1.0.1
2024-06-16 14:38:36,848 [WARN] PackLoader:242 - Cannot read IP mode file for STMicroelectronics.X-CUBE-NFC7.1.0.0
2024-06-16 14:38:36,879 [WARN] PackLoader:242 - Cannot read IP mode file for STMicroelectronics.X-CUBE-NFC6.3.0.0
2024-06-16 14:38:36,926 [WARN] PackLoader:242 - Cannot read IP mode file for STMicroelectronics.X-CUBE-EEPRMA1.4.1.0
2024-06-16 14:38:37,113 [WARN] PackLoader:242 - Cannot read IP mode file for STMicroelectronics.X-CUBE-DISPLAY.1.0.0
2024-06-16 14:38:37,129 [WARN] PackLoader:242 - Cannot read IP mode file for STMicroelectronics.X-CUBE-AI.8.1.0
2024-06-16 14:38:37,176 [WARN] PackLoader:242 - Cannot read IP mode file for STMicroelectronics.X-CUBE-AI.6.0.0
2024-06-16 14:38:37,254 [WARN] ConditionMgr:437 - getConditionDescription Invalid condition id : LAN8742 Phy interface Condition cause : null
2024-06-16 14:38:37,254 [WARN] PackLoader:242 - Cannot read IP mode file for STMicroelectronics.X-CUBE-AZRTOS-L4.2.0.0
2024-06-16 14:38:37,254 [WARN] ConditionMgr:1038 - genDependencies : Invalid condition id : LAN8742 Phy interface Condition cause : null
2024-06-16 14:38:37,254 [WARN] ConditionMgr:1038 - genDependencies : Invalid condition id : LAN8742 Phy interface Condition cause : null
2024-06-16 14:38:37,254 [WARN] ConditionMgr:1038 - genDependencies : Invalid condition id : LAN8742 Phy interface Condition cause : null
2024-06-16 14:38:37,270 [WARN] PackLoader:242 - Cannot read IP mode file for STMicroelectronics.X-CUBE-SFXS2LP1.4.0.0
2024-06-16 14:38:37,301 [WARN] PackLoader:242 - Cannot read IP mode file for wolfSSL.I-CUBE-wolfSSL.4.7.0
2024-06-16 14:38:37,333 [WARN] PackLoader:242 - Cannot read IP mode file for STMicroelectronics.X-CUBE-AZRTOS-H7.3.0.0
2024-06-16 14:38:37,395 [WARN] PackLoader:242 - Cannot read IP mode file for STMicroelectronics.X-CUBE-ISPU.1.1.0
2024-06-16 14:38:37,426 [WARN] PackLoader:242 - Cannot read IP mode file for RoweBots.I-CUBE-UNISONRTOS.5.5.0-4
2024-06-16 14:38:37,458 [WARN] PackLoader:242 - Cannot read IP mode file for STMicroelectronics.X-CUBE-SFXS2LP1.3.0.0
2024-06-16 14:38:37,473 [WARN] PackLoader:242 - Cannot read IP mode file for STMicroelectronics.X-CUBE-AI.8.0.0
2024-06-16 14:38:37,516 [WARN] ConditionMgr:437 - getConditionDescription Invalid condition id : UX DEVICE CLASS RTOS Condition cause : null
2024-06-16 14:38:37,516 [WARN] ConditionMgr:437 - getConditionDescription Invalid condition id : UX DEVICE CLASS RTOS Condition cause : null
2024-06-16 14:38:37,520 [WARN] PackLoader:242 - Cannot read IP mode file for STMicroelectronics.X-CUBE-AZRTOS-WB.2.0.0
2024-06-16 14:38:37,520 [WARN] ConditionMgr:1038 - genDependencies : Invalid condition id : UX DEVICE CLASS RTOS Condition cause : null
2024-06-16 14:38:37,520 [WARN] ConditionMgr:1038 - genDependencies : Invalid condition id : UX DEVICE CLASS RTOS Condition cause : null
2024-06-16 14:38:37,520 [WARN] ConditionMgr:1038 - genDependencies : Invalid condition id : UX DEVICE CLASS RTOS Condition cause : null
2024-06-16 14:38:37,520 [WARN] ConditionMgr:1038 - genDependencies : Invalid condition id : UX DEVICE CLASS RTOS Condition cause : null
2024-06-16 14:38:37,520 [WARN] ConditionMgr:1038 - genDependencies : Invalid condition id : UX DEVICE CLASS RTOS Condition cause : null
2024-06-16 14:38:37,536 [WARN] PackLoader:242 - Cannot read IP mode file for STMicroelectronics.X-CUBE-FREERTOS.1.0.1
2024-06-16 14:38:37,583 [WARN] PackLoader:242 - Cannot read IP mode file for STMicroelectronics.X-CUBE-MEMS1.9.0.0
2024-06-16 14:38:37,693 [WARN] PackLoader:242 - Cannot read IP mode file for STMicroelectronics.X-CUBE-AZRTOS-L5.1.1.0
2024-06-16 14:38:37,709 [WARN] PackLoader:242 - Cannot read IP mode file for STMicroelectronics.X-CUBE-AI.8.0.1
2024-06-16 14:38:37,741 [WARN] PackLoader:242 - Cannot read IP mode file for STMicroelectronics.X-CUBE-SUBG2.5.0.0
2024-06-16 14:38:37,756 [WARN] PackLoader:242 - Cannot read IP mode file for STMicroelectronics.X-CUBE-TOUCHGFX.4.13.0
2024-06-16 14:38:37,772 [WARN] PackLoader:242 - Cannot read IP mode file for Cesanta.I-CUBE-Mongoose.7.13.0
2024-06-16 14:38:37,788 [WARN] PackLoader:242 - Cannot read IP mode file for STMicroelectronics.X-CUBE-TOF1.3.3.1
2024-06-16 14:38:37,835 [WARN] PackLoader:242 - Cannot read IP mode file for STMicroelectronics.X-CUBE-AZRTOS-G4.2.0.0
2024-06-16 14:38:37,882 [WARN] PackLoader:242 - Cannot read IP mode file for STMicroelectronics.X-CUBE-TOF1.3.3.0
2024-06-16 14:38:38,007 [WARN] PackLoader:242 - Cannot read IP mode file for STMicroelectronics.FP-ATR-ASTRA1.1.1.1
2024-06-16 14:38:38,148 [WARN] PackLoader:242 - Cannot read IP mode file for Infineon.AIROC-Wi-Fi-Bluetooth-STM32.1.5.1
2024-06-16 14:38:38,319 [WARN] PackLoader:242 - Cannot read IP mode file for STMicroelectronics.FP-SNS-MOTENVWB1.1.3.0
2024-06-16 14:38:38,804 [WARN] PackLoader:242 - Cannot read IP mode file for STMicroelectronics.FP-SNS-MOTENVWB1.1.3.1
2024-06-16 14:38:38,835 [WARN] PackLoader:242 - Cannot read IP mode file for STMicroelectronics.X-CUBE-AZRTOS-G4.1.0.0
2024-06-16 14:38:38,882 [WARN] PackLoader:242 - Cannot read IP mode file for STMicroelectronics.X-CUBE-AZRTOS-L4.1.0.0
2024-06-16 14:38:38,913 [WARN] PackLoader:242 - Cannot read IP mode file for STMicroelectronics.X-CUBE-ISPU.2.0.0
2024-06-16 14:38:38,929 [WARN] PackLoader:242 - Cannot read IP mode file for STMicroelectronics.X-CUBE-ALS.1.0.2
2024-06-16 14:38:39,023 [WARN] PackLoader:242 - Cannot read IP mode file for STMicroelectronics.X-CUBE-MEMS1.10.0.0
2024-06-16 14:38:39,257 [WARN] PackLoader:242 - Cannot read IP mode file for STMicroelectronics.X-CUBE-FREERTOS.1.1.0
2024-06-16 14:38:39,288 [WARN] PackLoader:242 - Cannot read IP mode file for STMicroelectronics.X-CUBE-AZRTOS-WL.1.0.0
2024-06-16 14:38:39,335 [WARN] PackLoader:242 - Cannot read IP mode file for STMicroelectronics.X-CUBE-TOF1.1.0.0
2024-06-16 14:38:39,366 [WARN] PackLoader:242 - Cannot read IP mode file for portGmbH.I-Cube-SoM-uGOAL.1.1.0
2024-06-16 14:38:39,382 [WARN] PackLoader:242 - Cannot read IP mode file for STMicroelectronics.X-CUBE-ALS.1.0.1
2024-06-16 14:38:39,413 [WARN] PackLoader:242 - Cannot read IP mode file for STMicroelectronics.X-CUBE-AI.7.0.0
2024-06-16 14:38:39,444 [WARN] PackLoader:242 - Cannot read IP mode file for STMicroelectronics.X-CUBE-AZRTOS-WB.1.1.0
2024-06-16 14:38:39,491 [WARN] PackLoader:242 - Cannot read IP mode file for STMicroelectronics.X-CUBE-MEMS1.8.3.0
2024-06-16 14:38:39,788 [WARN] PackLoader:242 - Cannot read IP mode file for STMicroelectronics.X-CUBE-AZRTOS-L5.1.0.0
2024-06-16 14:38:39,835 [WARN] PackLoader:242 - Cannot read IP mode file for STMicroelectronics.X-CUBE-EEPRMA1.3.1.0
2024-06-16 14:38:39,866 [WARN] PackLoader:242 - Cannot read IP mode file for STMicroelectronics.X-CUBE-EEPRMA1.3.1.1
2024-06-16 14:38:39,929 [WARN] PackLoader:242 - Cannot read IP mode file for STMicroelectronics.X-CUBE-AZRTOS-H7RS.1.0.0
2024-06-16 14:38:39,944 [WARN] PackLoader:242 - Cannot read IP mode file for STMicroelectronics.X-CUBE-GNSS1.5.2.0
2024-06-16 14:38:39,960 [WARN] PackLoader:242 - Cannot read IP mode file for STMicroelectronics.FP-ATR-ASTRA1.2.0.0
2024-06-16 14:38:39,991 [WARN] PackLoader:242 - Cannot read IP mode file for STMicroelectronics.X-CUBE-TOF1.3.4.0
2024-06-16 14:38:40,022 [WARN] PackLoader:242 - Cannot read IP mode file for STMicroelectronics.X-CUBE-TOF1.3.4.1
2024-06-16 14:38:40,069 [WARN] PackLoader:242 - Cannot read IP mode file for STMicroelectronics.X-CUBE-AZRTOS-H7.3.2.0
2024-06-16 14:38:40,069 [INFO] ThirdParty:947 - Integrity check success = true
2024-06-16 14:38:40,069 [INFO] IntegrityCheckThread:98 - exiting critical section [integrity check]
2024-06-16 14:38:40,069 [INFO] IntegrityCheckThread:101 - End integrity checks thread
2024-06-16 14:38:40,101 [INFO] MultiScanPanel:196 - Auto-refresh data requested => check proxy status ongoing
2024-06-16 14:38:40,350 [INFO] LoadUrlFilesThread:179 - End of LoadServerUrlFiles without Thread
2024-06-16 14:38:40,350 [INFO] DetailPanel:339 - Set advertising image to C:/Users/rahul/STM32Cube/Repository/\en.prom-stm32h7rs-mcu-finder.jpg
2024-06-16 14:38:40,366 [INFO] DbBoards:633 - Loading board mini-images...
2024-06-16 14:38:43,227 [INFO] DbBoards:656 - Loaded 199 board mini-images
2024-06-16 14:39:29,693 [INFO] MainUpdater:2800 - connection check result : 10
2024-06-16 14:39:29,693 [INFO] MainUpdater:2800 - connection check result : 10
2024-06-16 14:39:29,724 [INFO] MicroXplorer:451 - Change Database Path : 
2024-06-16 14:39:29,724 [INFO] MicroXplorer:481 - Change Database Version : DB.6.0.70
2024-06-16 14:39:29,724 [WARN] ThirdParty:845 - waiting for thirdparty lock release [close project]
2024-06-16 14:39:29,724 [INFO] ThirdParty:847 - entering critical section [close project]
2024-06-16 14:39:29,740 [INFO] ThirdParty:857 - exiting critical section [close project]
2024-06-16 14:39:29,740 [INFO] PinOutPanel:1477 - setPackage(No Configuration,No Configuration)
2024-06-16 14:39:29,740 [INFO] UtilMem:74 - Begin LoadConfig() Used Memory: 829911728 Bytes (849346560)
2024-06-16 14:39:29,755 [INFO] OpenFileManager:307 - Change cursor
2024-06-16 14:39:29,883 [INFO] ProjectFactory:399 - No CPN specified for board NUCLEO-F302R8 => set CPN to STM32F302R8T6
2024-06-16 14:39:29,883 [INFO] Mcu:1925 - Initializing MCU STM32F302R(6-8)Tx STM32F302R8Tx STM32F302R8T6
2024-06-16 14:39:31,492 [INFO] Context:654 - Trying to add GPIOservice into a context  which must be forbidden
2024-06-16 14:39:32,118 [INFO] Rule:225 - rule 117617 - U5Cobra4M][GTZC] default value MPCBB3 and MPCBB5 - Not Secured memory - MPCBB1 is applicable
2024-06-16 14:39:32,118 [INFO] Rule:225 - rule 117617 - U5Cobra4M][GTZC] default value MPCBB3 and MPCBB5 - Not Secured memory - MPCBB1 is applicable
2024-06-16 14:39:32,118 [INFO] Rule:225 - rule 117617 - U5Cobra4M][GTZC] default value MPCBB3 and MPCBB5 - Not Secured memory - MPCBB2 is applicable
2024-06-16 14:39:32,118 [INFO] Rule:225 - rule 117617 - U5Cobra4M][GTZC] default value MPCBB3 and MPCBB5 - Not Secured memory - MPCBB2 is applicable
2024-06-16 14:39:32,118 [INFO] Rule:225 - rule 117617 - U5Cobra4M][GTZC] default value MPCBB3 and MPCBB5 - Not Secured memory - MPCBB3 is applicable
2024-06-16 14:39:32,118 [INFO] Rule:225 - rule 117617 - U5Cobra4M][GTZC] default value MPCBB3 and MPCBB5 - Not Secured memory - MPCBB3 is applicable
2024-06-16 14:39:32,118 [INFO] Rule:225 - rule 117617 - U5Cobra4M][GTZC] default value MPCBB3 and MPCBB5 - Not Secured memory - MPCBB4 is applicable
2024-06-16 14:39:32,118 [INFO] Rule:225 - rule 117617 - U5Cobra4M][GTZC] default value MPCBB3 and MPCBB5 - Not Secured memory - MPCBB4 is applicable
2024-06-16 14:39:32,118 [INFO] Rule:225 - rule 117617 - U5Cobra4M][GTZC] default value MPCBB3 and MPCBB5 - Secured memory - MPCBB1 is applicable
2024-06-16 14:39:32,118 [INFO] Rule:225 - rule 117617 - U5Cobra4M][GTZC] default value MPCBB3 and MPCBB5 - Secured memory - MPCBB2 is applicable
2024-06-16 14:39:32,118 [INFO] Rule:225 - rule 117617 - U5Cobra4M][GTZC] default value MPCBB3 and MPCBB5 - Secured memory - MPCBB3 is applicable
2024-06-16 14:39:32,118 [INFO] Rule:225 - rule 117617 - U5Cobra4M][GTZC] default value MPCBB3 and MPCBB5 - Secured memory - MPCBB4 is applicable
2024-06-16 14:39:32,118 [INFO] Rule:225 - rule 117617 - U5Cobra4M][GTZC] default value MPCBB3 and MPCBB5 - Privileged memory - MPCBB1 is applicable
2024-06-16 14:39:32,118 [INFO] Rule:225 - rule 117617 - U5Cobra4M][GTZC] default value MPCBB3 and MPCBB5 - Privileged memory - MPCBB2 is applicable
2024-06-16 14:39:32,118 [INFO] Rule:225 - rule 117617 - U5Cobra4M][GTZC] default value MPCBB3 and MPCBB5 - Privileged memory - MPCBB3 is applicable
2024-06-16 14:39:32,118 [INFO] Rule:225 - rule 117617 - U5Cobra4M][GTZC] default value MPCBB3 and MPCBB5 - Privileged memory - MPCBB4 is applicable
2024-06-16 14:39:32,118 [INFO] Rule:225 - rule 117617 - U5Cobra4M][GTZC] default value MPCBB3 and MPCBB5 - Not Privileged memory - MPCBB1 is applicable
2024-06-16 14:39:32,118 [INFO] Rule:225 - rule 117617 - U5Cobra4M][GTZC] default value MPCBB3 and MPCBB5 - Not Privileged memory - MPCBB2 is applicable
2024-06-16 14:39:32,118 [INFO] Rule:225 - rule 117617 - U5Cobra4M][GTZC] default value MPCBB3 and MPCBB5 - Not Privileged memory - MPCBB3 is applicable
2024-06-16 14:39:32,118 [INFO] Rule:225 - rule 117617 - U5Cobra4M][GTZC] default value MPCBB3 and MPCBB5 - Not Privileged memory - MPCBB4 is applicable
2024-06-16 14:39:32,118 [INFO] Rule:225 - rule 117617 - U5Cobra4M][GTZC] default value MPCBB3 and MPCBB5 - Privileged memory - MPCBB1 is applicable
2024-06-16 14:39:32,118 [INFO] Rule:225 - rule 117617 - U5Cobra4M][GTZC] default value MPCBB3 and MPCBB5 - Privileged memory - MPCBB2 is applicable
2024-06-16 14:39:32,118 [INFO] Rule:225 - rule 117617 - U5Cobra4M][GTZC] default value MPCBB3 and MPCBB5 - Privileged memory - MPCBB3 is applicable
2024-06-16 14:39:32,118 [INFO] Rule:225 - rule 117617 - U5Cobra4M][GTZC] default value MPCBB3 and MPCBB5 - Privileged memory - MPCBB4 is applicable
2024-06-16 14:39:32,118 [INFO] Rule:225 - rule 117617 - U5Cobra4M][GTZC] default value MPCBB3 and MPCBB5 - Privileged memory - MPCBB1 is applicable
2024-06-16 14:39:32,118 [INFO] Rule:225 - rule 117617 - U5Cobra4M][GTZC] default value MPCBB3 and MPCBB5 - Privileged memory - MPCBB2 is applicable
2024-06-16 14:39:32,118 [INFO] Rule:225 - rule 117617 - U5Cobra4M][GTZC] default value MPCBB3 and MPCBB5 - Privileged memory - MPCBB3 is applicable
2024-06-16 14:39:32,118 [INFO] Rule:225 - rule 117617 - U5Cobra4M][GTZC] default value MPCBB3 and MPCBB5 - Privileged memory - MPCBB4 is applicable
2024-06-16 14:39:32,118 [INFO] Rule:225 - rule 117617 - U5Cobra4M][GTZC] default value MPCBB3 and MPCBB5 - Not Privileged memory - MPCBB1 is applicable
2024-06-16 14:39:32,118 [INFO] Rule:225 - rule 117617 - U5Cobra4M][GTZC] default value MPCBB3 and MPCBB5 - Not Privileged memory - MPCBB2 is applicable
2024-06-16 14:39:32,118 [INFO] Rule:225 - rule 117617 - U5Cobra4M][GTZC] default value MPCBB3 and MPCBB5 - Not Privileged memory - MPCBB3 is applicable
2024-06-16 14:39:32,118 [INFO] Rule:225 - rule 117617 - U5Cobra4M][GTZC] default value MPCBB3 and MPCBB5 - Not Privileged memory - MPCBB4 is applicable
2024-06-16 14:39:32,118 [INFO] Rule:225 - rule 117617 - U5Cobra4M][GTZC] default value MPCBB3 and MPCBB5 - Privileged memory - MPCBB1 is applicable
2024-06-16 14:39:32,118 [INFO] Rule:225 - rule 117617 - U5Cobra4M][GTZC] default value MPCBB3 and MPCBB5 - Privileged memory - MPCBB2 is applicable
2024-06-16 14:39:32,118 [INFO] Rule:225 - rule 117617 - U5Cobra4M][GTZC] default value MPCBB3 and MPCBB5 - Privileged memory - MPCBB3 is applicable
2024-06-16 14:39:32,118 [INFO] Rule:225 - rule 117617 - U5Cobra4M][GTZC] default value MPCBB3 and MPCBB5 - Privileged memory - MPCBB4 is applicable
2024-06-16 14:39:32,118 [INFO] Rule:225 - rule Rename SubGHz_Phy SUBGHZ_APPLICATION SUBGHZ_PINGPONG to SUBGHZ_ADV_APPLICATION is applicable
2024-06-16 14:39:32,118 [INFO] Rule:225 - rule Rename Enabled to IBEACON is applicable
2024-06-16 14:39:32,118 [INFO] Rule:225 - rule GTZC_S instance for project manager is applicable
2024-06-16 14:39:32,118 [INFO] Rule:225 - rule GTZC_S instance for context M33S is applicable
2024-06-16 14:39:32,118 [INFO] Rule:225 - rule GTZC_S instance value for IP GTZC is applicable
2024-06-16 14:39:32,118 [INFO] Rule:225 - rule GTZC_S instance for mcu.IP is applicable
2024-06-16 14:39:32,118 [INFO] Rule:225 - rule GTZC_S instance for VP is applicable
2024-06-16 14:39:32,118 [INFO] Rule:225 - rule GTZC_S instance for signal is applicable
2024-06-16 14:39:32,118 [INFO] Rule:225 - rule GTZC_S instance for mcu.Pin is applicable
2024-06-16 14:39:32,118 [INFO] Rule:225 - rule GTZC_S instance for VP is applicable
2024-06-16 14:39:32,118 [INFO] Rule:225 - rule GTZC_S instance for signal is applicable
2024-06-16 14:39:32,118 [INFO] Rule:225 - rule GTZC_S instance for mcu is applicable
2024-06-16 14:39:32,118 [INFO] Rule:225 - rule GTZC_S instance for mcu.Pin is applicable
2024-06-16 14:39:32,118 [INFO] Rule:225 - rule GTZC_S instance value for IP GTZC is applicable
2024-06-16 14:39:32,118 [INFO] Rule:225 - rule GTZC_S instance for project manager is applicable
2024-06-16 14:39:32,118 [INFO] Rule:225 - rule GTZC_S instance for context M33S is applicable
2024-06-16 14:39:32,118 [INFO] Rule:225 - rule GTZC_S instance for VP is applicable
2024-06-16 14:39:32,118 [INFO] Rule:225 - rule GTZC_S instance for signal is applicable
2024-06-16 14:39:32,118 [INFO] Rule:225 - rule SPDIFRX instance for mcu is applicable
2024-06-16 14:39:32,118 [INFO] Rule:225 - rule Rename Tracer Mode is applicable
2024-06-16 14:39:32,118 [INFO] Rule:225 - rule SPDIFRX instance value for IP SPDIFRX is applicable
2024-06-16 14:39:32,118 [INFO] Rule:225 - rule SPDIFRX instance for signal is applicable
2024-06-16 14:39:32,118 [INFO] Rule:225 - rule SPDIFRX instance for project manager is applicable
2024-06-16 14:39:32,118 [INFO] Rule:225 - rule SPDIFRX instance for project manager is applicable
2024-06-16 14:39:32,118 [INFO] Rule:225 - rule ADC Scan  fix with FW F7 is applicable
2024-06-16 14:39:32,118 [INFO] Rule:225 - rule ADC Scan  fix with FW F7 is applicable
2024-06-16 14:39:32,118 [INFO] Rule:225 - rule Add RTC Activate Clock Source is applicable
2024-06-16 14:39:32,118 [INFO] Rule:225 - rule Add RTC Activate Calendar 1 is applicable
2024-06-16 14:39:32,118 [INFO] Rule:225 - rule Add RTC Activate Calendar 2 is applicable
2024-06-16 14:39:32,118 [INFO] Rule:225 - rule Add RTC Activate Calendar 3 is applicable
2024-06-16 14:39:32,118 [INFO] Rule:225 - rule UART/USART TX Mode is applicable
2024-06-16 14:39:32,118 [INFO] Rule:225 - rule UART/USART RX Mode is applicable
2024-06-16 14:39:32,118 [INFO] Rule:225 - rule UART/USART RX TX Mode is applicable
2024-06-16 14:39:32,118 [INFO] Rule:225 - rule UART/USART PARITY NONE is applicable
2024-06-16 14:39:32,118 [INFO] Rule:225 - rule UART/USART PARITY EVEN is applicable
2024-06-16 14:39:32,118 [INFO] Rule:225 - rule UART/USART PARITY ODD is applicable
2024-06-16 14:39:32,118 [INFO] Rule:225 - rule USART StopBits 1 is applicable
2024-06-16 14:39:32,118 [INFO] Rule:225 - rule USART StopBits 2 is applicable
2024-06-16 14:39:32,118 [INFO] Rule:225 - rule USART StopBits 1.5 is applicable
2024-06-16 14:39:32,118 [INFO] Rule:225 - rule USART StopBits 0.5 is applicable
2024-06-16 14:39:32,118 [INFO] Rule:225 - rule UART/USART WORD LENGTH 7 is applicable
2024-06-16 14:39:32,118 [INFO] Rule:225 - rule UART/USART WORD LENGTH 8 is applicable
2024-06-16 14:39:32,118 [INFO] Rule:225 - rule UART/USART WORD LENGTH 9 is applicable
2024-06-16 14:39:32,118 [INFO] Rule:225 - rule Rename FMC NAND NCE signal is applicable
2024-06-16 14:39:32,118 [INFO] Rule:225 - rule Rename FMC NAND INT signal is applicable
2024-06-16 14:39:32,118 [INFO] Rule:225 - rule Change Default Value for LSE Drive Capability for WB family is applicable
2024-06-16 14:39:32,118 [INFO] Rule:225 - rule Change Default Value for ADC Clock Prescaler G0 family is applicable
2024-06-16 14:39:32,118 [INFO] Rule:225 - rule Change Default Value for ADC ExternalTrigConv L4 family is applicable
2024-06-16 14:39:32,118 [INFO] Rule:225 - rule Change Default Value for ADC ExternalTrigInjecConv L4 family is applicable
2024-06-16 14:39:32,118 [INFO] Rule:225 - rule Change Default Value for ADC ExternalTrigConv F3 family is applicable
2024-06-16 14:39:32,118 [INFO] Rule:225 - rule Change Default Value for ADC ExternalTrigInjecConv F3 family is applicable
2024-06-16 14:39:32,118 [INFO] Rule:225 - rule Change Default Value for ADC ExternalTrigConv Goldfish serie is applicable
2024-06-16 14:39:32,118 [INFO] Rule:225 - rule Change Default Value for ADC ExternalTrigInjecConv Goldfish serie is applicable
2024-06-16 14:39:32,118 [INFO] Rule:225 - rule Change Default Value for ADC ExternalTrigConv L0 family is applicable
2024-06-16 14:39:32,118 [INFO] Rule:225 - rule Change Default Value for ADC ExternalTrigConv F0 family is applicable
2024-06-16 14:39:32,118 [INFO] Rule:225 - rule Change Default Value for ADC ExternalTrigConvn L1 family is applicable
2024-06-16 14:39:32,118 [INFO] Rule:225 - rule Change Default Value for ADC ExternalTrigInjecConv L1 family is applicable
2024-06-16 14:39:32,118 [INFO] Rule:225 - rule Change Default Value for ADC ExternalTrigConv F1 family is applicable
2024-06-16 14:39:32,118 [INFO] Rule:225 - rule Change Default Value for ADC ExternalTrigInjecConv F1 family is applicable
2024-06-16 14:39:32,118 [INFO] Rule:225 - rule Change Default Value for ADC ExternalTrigConv F7 family is applicable
2024-06-16 14:39:32,118 [INFO] Rule:225 - rule Change Default Value for ADC ExternalTrigInjecConv F7 family is applicable
2024-06-16 14:39:32,118 [INFO] Rule:225 - rule Change Default Value for ADC ExternalTrigConv F4 and F2 family is applicable
2024-06-16 14:39:32,118 [INFO] Rule:225 - rule Change Default Value for ADC ExternalTrigInjecConv F4 and F2 family is applicable
2024-06-16 14:39:32,118 [INFO] Rule:225 - rule ADC SamplingTime fix with FW L0  is applicable
2024-06-16 14:39:32,118 [INFO] Rule:225 - rule ADC SamplingTime fix with FW L0  is applicable
2024-06-16 14:39:32,118 [INFO] Rule:225 - rule ADC SamplingTime fix with FW L0 is applicable
2024-06-16 14:39:32,118 [INFO] Rule:225 - rule ADC SamplingTime fix with FW L0 is applicable
2024-06-16 14:39:32,118 [INFO] Rule:225 - rule ADC SamplingTime fix with FW L0  is applicable
2024-06-16 14:39:32,118 [INFO] Rule:225 - rule ADC SamplingTime fix with FW L0 is applicable
2024-06-16 14:39:32,118 [INFO] Rule:225 - rule Rename USB_OE Signal is applicable
2024-06-16 14:39:32,118 [INFO] Rule:225 - rule Rename Activate_OE Mode is applicable
2024-06-16 14:39:32,118 [INFO] Rule:225 - rule Rename DIE462/DIE415 pin PC14/OSC32_IN -> PC14-OSC32_IN (PC14) is applicable
2024-06-16 14:39:32,118 [INFO] Rule:225 - rule Rename DIE462/DIE415 pin PC15/OSC32_OUT -> PC15-OSC32_OUT (PC15) is applicable
2024-06-16 14:39:32,118 [INFO] Rule:225 - rule Rename DIE462/DIE415 pin PH0/OSC_IN -> PH0-OSC_IN (PH0) is applicable
2024-06-16 14:39:32,118 [INFO] Rule:225 - rule Rename DIE462/DIE415 pin PH1/OSC_OUT -> PH1-OSC_OUT (PH1) is applicable
2024-06-16 14:39:32,118 [INFO] Rule:225 - rule Rename DIE462 pin PA13 -> PA13 (JTMS/SWDIO) is applicable
2024-06-16 14:39:32,118 [INFO] Rule:225 - rule Rename DIE415 pin PA13 -> PA13 (JTMS/SWDIO) is applicable
2024-06-16 14:39:32,118 [INFO] Rule:225 - rule Rename DIE462 pin PA14 -> PA14 (JTCK/SWCLK) is applicable
2024-06-16 14:39:32,118 [INFO] Rule:225 - rule Rename DIE415 pin PA14 -> PA14 (JTCK/SWCLK) is applicable
2024-06-16 14:39:32,118 [INFO] Rule:225 - rule Rename DIE462/DIE415 pin PA15 -> PA15 (JTDI) is applicable
2024-06-16 14:39:32,118 [INFO] Rule:225 - rule Rename DIE462 pin PB3 -> PB3 (JTD0/TRACESWO) is applicable
2024-06-16 14:39:32,118 [INFO] Rule:225 - rule Rename DIE415 pin PB3 -> PB3 (JTD0-TRACESWO) is applicable
2024-06-16 14:39:32,118 [INFO] Rule:225 - rule Rename DIE462/DIE415 pin PB4 -> PB4 (NJTRST) is applicable
2024-06-16 14:39:32,118 [INFO] Rule:225 - rule Rename DIE462 pin PH3/BOOT0 -> PH3-BOOT0 (BOOT0) is applicable
2024-06-16 14:39:32,118 [INFO] Rule:225 - rule Rename CRYP DataEncryptionTypesList to Algorithm is applicable
2024-06-16 14:39:32,118 [INFO] Rule:225 - rule Rename AES DataEncryptionTypesList to Algorithm is applicable
2024-06-16 14:39:32,118 [INFO] Rule:225 - rule Rename TDESECB to CRYP_TDES_ECB is applicable
2024-06-16 14:39:32,118 [INFO] Rule:225 - rule Rename TDESCBC to CRYP_TDES_CBC is applicable
2024-06-16 14:39:32,118 [INFO] Rule:225 - rule Rename DESECB to CRYP_DES_ECB is applicable
2024-06-16 14:39:32,118 [INFO] Rule:225 - rule Rename DESCBC to CRYP_DES_CBC is applicable
2024-06-16 14:39:32,118 [INFO] Rule:225 - rule Rename AESECB to CRYP_AES_ECB is applicable
2024-06-16 14:39:32,118 [INFO] Rule:225 - rule Rename AESCBC to CRYP_AES_CBC is applicable
2024-06-16 14:39:32,118 [INFO] Rule:225 - rule Rename AESCTR to CRYP_AES_CTR is applicable
2024-06-16 14:39:32,118 [INFO] Rule:225 - rule Rename AESGCM to CRYP_AES_GCM is applicable
2024-06-16 14:39:32,118 [INFO] Rule:225 - rule Rename AESCCM to CRYP_AES_CCM is applicable
2024-06-16 14:39:32,118 [INFO] Rule:225 - rule Rename CAN TimeSeg1 to BS1 is applicable
2024-06-16 14:39:32,118 [INFO] Rule:225 - rule Rename CAN TimeSeg2 to BS2 is applicable
2024-06-16 14:39:32,118 [INFO] Rule:225 - rule Rename CAN SyncJumpWidth to SJW is applicable
2024-06-16 14:39:32,118 [INFO] Rule:225 - rule TimeTriggeredMode to TTCM is applicable
2024-06-16 14:39:32,118 [INFO] Rule:225 - rule Rename CAN AutoBusOff to ABOM is applicable
2024-06-16 14:39:32,118 [INFO] Rule:225 - rule Rename CAN AutoWakeUp to AWUM is applicable
2024-06-16 14:39:32,118 [INFO] Rule:225 - rule Rename CAN AutoRetransmission to NART is applicable
2024-06-16 14:39:32,118 [INFO] Rule:225 - rule Rename CAN ReceiveFifoLocked to RFLM is applicable
2024-06-16 14:39:32,118 [INFO] Rule:225 - rule Rename CAN TransmitFifoPriority to TXFP is applicable
2024-06-16 14:39:32,118 [INFO] Rule:225 - rule Rename HRTIMER HRTIM_OUTPUTFAULTLEVEL_HIGH in HRTIMER HRTIM_OUTPUTFAULTLEVEL_HIGHZ is applicable
2024-06-16 14:39:32,118 [INFO] Rule:225 - rule Rename TIMER TIM_CLEARINPUTSOURCE_OCREFCLR in  TIMER TIM_CLEARINPUTSOURCE_NONE for F7 family is applicable
2024-06-16 14:39:32,118 [INFO] Rule:225 - rule FDCAN_R1 - Rename FDCAN mode Master into Classic is applicable
2024-06-16 14:39:32,118 [INFO] Rule:225 - rule FDCAN_R2 - Rename FDCAN mode Slave into Classic is applicable
2024-06-16 14:39:32,118 [INFO] Rule:225 - rule FDCAN1_R3 - if PA10.Mode=FullDuplex, add Pin PA12 is applicable
2024-06-16 14:39:32,118 [INFO] Rule:225 - rule FDCAN1_R3 - if PA9.Mode=FullDuplex, add Pin PA11 is applicable
2024-06-16 14:39:32,118 [INFO] Rule:225 - rule FDCAN1_R3 - Alternatepin_1 - if PE1.Mode=FullDuplex, add Pin PB9 is applicable
2024-06-16 14:39:32,118 [INFO] Rule:225 - rule FDCAN1_R3 - Alternatepin_1 - if PE0.Mode=FullDuplex, add Pin PB8 is applicable
2024-06-16 14:39:32,118 [INFO] Rule:225 - rule FDCAN1_R3 - Alternatepin_2 - if PD5.Mode=FullDuplex, add Pin PD1 is applicable
2024-06-16 14:39:32,118 [INFO] Rule:225 - rule FDCAN1_R3 - Alternatepin_2 - if PD4.Mode=FullDuplex, add Pin PD0 is applicable
2024-06-16 14:39:32,118 [INFO] Rule:225 - rule FDCAN1_R4 - Rename Mode FullDuplex into Enable FDCAN_TXFD for pin PA10 is applicable
2024-06-16 14:39:32,118 [INFO] Rule:225 - rule FDCAN1_R4 - Rename Mode FullDuplex into Enable FDCAN_TXFD for pin PA9 is applicable
2024-06-16 14:39:32,118 [INFO] Rule:225 - rule FDCAN1_R4 - Alternatepin_1 - Rename Mode FullDuplex into Enable FDCAN_TXFD for pin PE1 is applicable
2024-06-16 14:39:32,118 [INFO] Rule:225 - rule FDCAN1_R4 - Alternatepin_1 - Rename Mode FullDuplex into Enable FDCAN_TXFD for pin PE0 is applicable
2024-06-16 14:39:32,118 [INFO] Rule:225 - rule FDCAN1_R4 - Alternatepin_2 - Rename Mode FullDuplex into Enable FDCAN_TXFD for pin PD5 is applicable
2024-06-16 14:39:32,118 [INFO] Rule:225 - rule FDCAN1_R4 - Alternatepin_2 - Rename Mode FullDuplex into Enable FDCAN_TXFD for pin PD4 is applicable
2024-06-16 14:39:32,118 [INFO] Rule:225 - rule FDCAN2_R3 - if PD10.Mode=FullDuplex, add Pin PB13 is applicable
2024-06-16 14:39:32,118 [INFO] Rule:225 - rule FDCAN2_R3 - if PD9.Mode=FullDuplex, add Pin PB12 is applicable
2024-06-16 14:39:32,118 [INFO] Rule:225 - rule FDCAN2_R3 - Alternatepin_1 - if PB7.Mode=FullDuplex, add Pin PB6 is applicable
2024-06-16 14:39:32,118 [INFO] Rule:225 - rule FDCAN2_R3 - Alternatepin_1 - if PD9.Mode=FullDuplex, add Pin PB12 is applicable
2024-06-16 14:39:32,118 [INFO] Rule:225 - rule FDCAN2_R4 - Rename Mode FullDuplex into Enable FDCAN_TXFD for pin PD10 is applicable
2024-06-16 14:39:32,118 [INFO] Rule:225 - rule FDCAN2_R4 - Rename Mode FullDuplex into Enable FDCAN_TXFD for pin PD9 is applicable
2024-06-16 14:39:32,118 [INFO] Rule:225 - rule FDCAN2_R4 - Alternatepin_1 - Rename Mode FullDuplex into Enable FDCAN_TXFD for pin PB7 is applicable
2024-06-16 14:39:32,118 [INFO] Rule:225 - rule FDCAN2_R4 - Alternatepin_1 - Rename Mode FullDuplex into Enable FDCAN_TXFD for pin PD6 is applicable
2024-06-16 14:39:32,118 [INFO] Rule:225 - rule USART TxPinLevelInvertParam Mode is applicable
2024-06-16 14:39:32,118 [INFO] Rule:225 - rule USART RxPinLevelInvertParam Mode is applicable
2024-06-16 14:39:32,118 [INFO] Rule:225 - rule USART DataInvertParam Mode is applicable
2024-06-16 14:39:32,118 [INFO] Rule:225 - rule USART SwapParam Mode is applicable
2024-06-16 14:39:32,118 [INFO] Rule:225 - rule USART OverrunDisableParam Mode is applicable
2024-06-16 14:39:32,118 [INFO] Rule:225 - rule USART DMADisableonRxErrorParam Mode is applicable
2024-06-16 14:39:32,118 [INFO] Rule:225 - rule USART MSBFirstParam Mode is applicable
2024-06-16 14:39:32,118 [INFO] Rule:225 - rule Update MwName for USB_DEVICE is applicable
2024-06-16 14:39:32,118 [INFO] Rule:225 - rule Change PWR_Regulator_Voltage_Scale Default Value for RCC  H7 family is applicable
2024-06-16 14:39:32,118 [INFO] Rule:225 - rule UART/USART IPParameter rename Prescaler parameter to ClockPrescaler is applicable
2024-06-16 14:39:32,118 [INFO] Rule:225 - rule UART/USART Prescaler rename Prescaler parameter to ClockPrescaler is applicable
2024-06-16 14:39:32,118 [INFO] Rule:225 - rule TIM1CLockSelection is applicable
2024-06-16 14:39:32,118 [INFO] Rule:225 - rule TIM15CLockSelection is applicable
2024-06-16 14:39:32,118 [INFO] Rule:225 - rule align RCC SDMMC3CLockSelection default value on MP1 is applicable
2024-06-16 14:39:32,118 [INFO] Rule:225 - rule align RCC SDMMC12CLockSelection default value on MP1 is applicable
2024-06-16 14:39:32,118 [INFO] Rule:225 - rule align RCC QSPICLockSelection default value on MP1 is applicable
2024-06-16 14:39:32,118 [INFO] Rule:225 - rule align RCC QSPICLockSelection default value on MP1 is applicable
2024-06-16 14:39:32,118 [INFO] Rule:225 - rule align RCC SPI6CLockSelection default value on MP1 is applicable
2024-06-16 14:39:32,118 [INFO] Rule:225 - rule align RCC LPTIM23CLockSelection default value on MP1 is applicable
2024-06-16 14:39:32,118 [INFO] Rule:225 - rule align RCC LPTIM1CLockSelection default value on MP1 is applicable
2024-06-16 14:39:32,118 [INFO] Rule:225 - rule align RCC USART1CLockSelection default value on MP1 is applicable
2024-06-16 14:39:32,118 [INFO] Rule:225 - rule align RCC USART24CLockSelection default value on MP1 is applicable
2024-06-16 14:39:32,118 [INFO] Rule:225 - rule align RCC USART6CLockSelection default value on MP1 is applicable
2024-06-16 14:39:32,118 [INFO] Rule:225 - rule align RCC UART78CLockSelection default value on MP1 is applicable
2024-06-16 14:39:32,118 [INFO] Rule:225 - rule align RCC USART35CLockSelection default value on MP1 is applicable
2024-06-16 14:39:32,118 [INFO] Rule:225 - rule align RCC SPI45CLockSelection default value on MP1 is applicable
2024-06-16 14:39:32,118 [INFO] Rule:225 - rule align RCC I2C46CLockSelection BCLK value on MP1 is applicable
2024-06-16 14:39:32,118 [INFO] Rule:225 - rule align RCC SPI45CLockSelection default value on MP1 is applicable
2024-06-16 14:39:32,118 [INFO] Rule:225 - rule align RCC I2C12CLockSelection default value on MP1 is applicable
2024-06-16 14:39:32,118 [INFO] Rule:225 - rule align RCC I2C35CLockSelection default value on MP1 is applicable
2024-06-16 14:39:32,118 [INFO] Rule:225 - rule align RCC LPTIM45CLockSelection default value on MP1 is applicable
2024-06-16 14:39:32,118 [INFO] Rule:225 - rule Rename DCMI PIXCK signal is applicable
2024-06-16 14:39:32,118 [INFO] Rule:225 - rule Change Default Value for I2C46CLockSelection MP1 family is applicable
2024-06-16 14:39:32,118 [INFO] Rule:225 - rule Change Default Value for UART for G4, G0 and WB families is applicable
2024-06-16 14:39:32,118 [INFO] Rule:225 - rule Change Default Value for USART for G4, G0 and WB families is applicable
2024-06-16 14:39:32,118 [INFO] Rule:225 - rule Change Default Value for USART for G4 family is applicable
2024-06-16 14:39:32,118 [INFO] Rule:225 - rule Change USART1CLockSelection refparam name for MP1 is applicable
2024-06-16 14:39:32,118 [INFO] Rule:225 - rule Change USART2CLockSelection refparam name for MP1 is applicable
2024-06-16 14:39:32,118 [INFO] Rule:225 - rule Change USART3CLockSelection refparam name for MP1 is applicable
2024-06-16 14:39:32,118 [INFO] Rule:225 - rule Change UART4CLockSelection refparam name for MP1 is applicable
2024-06-16 14:39:32,118 [INFO] Rule:225 - rule Change UART5CLockSelection refparam name for MP1 is applicable
2024-06-16 14:39:32,118 [INFO] Rule:225 - rule Change LPUART1CLockSelection refparam name for MP1 is applicable
2024-06-16 14:39:32,118 [INFO] Rule:225 - rule Change LPTIM1CLockSelection refparam name for MP1 is applicable
2024-06-16 14:39:32,118 [INFO] Rule:225 - rule Change LPTIM2CLockSelection refparam name for MP1 is applicable
2024-06-16 14:39:32,118 [INFO] Rule:225 - rule Change RCC_MCO1Source refparam name for MP1 is applicable
2024-06-16 14:39:32,118 [INFO] Rule:225 - rule Change LSCOSource1 refparam name for MP1 is applicable
2024-06-16 14:39:32,118 [INFO] Rule:225 - rule Change SMPSCLockSelection refparam name for MP1 is applicable
2024-06-16 14:39:32,118 [INFO] Rule:225 - rule Change LPTIM3CLockSelection refparam name for MP1 is applicable
2024-06-16 14:39:32,118 [INFO] Rule:225 - rule Change MPCBB* Default Template Mode to Parameters is applicable
2024-06-16 14:39:32,118 [INFO] Rule:225 - rule Change MPCWM* or MPCBB* Secure Mode to Parameters is applicable
2024-06-16 14:39:32,118 [INFO] Rule:225 - rule Change MPCWM* or MPCBB* No Secure Mode to Parameters is applicable
2024-06-16 14:39:32,118 [INFO] Rule:225 - rule Change TZSC IP Secure Mode to Parameters is applicable
2024-06-16 14:39:32,118 [INFO] Rule:225 - rule Change TZSC IP No Secure Mode to Parameters is applicable
2024-06-16 14:39:32,118 [INFO] Rule:225 - rule Change TZSC IP Privilege Mode to Parameters is applicable
2024-06-16 14:39:32,118 [INFO] Rule:225 - rule Change TZSC IP No Privilege Mode to Parameters is applicable
2024-06-16 14:39:32,118 [INFO] Rule:225 - rule Change TZIC IT Secure Mode to Parameters is applicable
2024-06-16 14:39:32,134 [INFO] Rule:225 - rule Change TZIC IT No Secure Mode to Parameters is applicable
2024-06-16 14:39:32,134 [INFO] Rule:225 - rule Add MPCBB1_NonSecureArea_Start_Address value with referenced to MPCBB1_NonSecureArea_Start value is applicable
2024-06-16 14:39:32,134 [INFO] Rule:225 - rule Add MPCBB2_NonSecureArea_Start_Address value with referenced to MPCBB2_NonSecureArea_Start value is applicable
2024-06-16 14:39:32,134 [INFO] Rule:225 - rule Add MPCWM1_NonSecureArea*_Start_Address value with referenced to MPCWM1_NonSecureArea*_Start value is applicable
2024-06-16 14:39:32,134 [INFO] Rule:225 - rule Add MPCWM2_NonSecureArea*_Start_Address value with referenced to MPCWM2_NonSecureArea*_Start value is applicable
2024-06-16 14:39:32,134 [INFO] Rule:225 - rule Add MPCWM3_NonSecureArea_Start_Address value with referenced to MPCWM3_NonSecureArea_Start value is applicable
2024-06-16 14:39:32,134 [INFO] Rule:225 - rule Change Default Value for PLL1UserDefinedConfig is applicable
2024-06-16 14:39:32,134 [INFO] Rule:225 - rule Change GPIO_PuPd Default Value for USART in async mode is applicable
2024-06-16 14:39:32,134 [INFO] Rule:225 - rule Change SMPSDivider Default Value is applicable
2024-06-16 14:39:32,134 [INFO] Rule:225 - rule OPAMP is applicable
2024-06-16 14:39:32,134 [INFO] Rule:225 - rule LPUART IPParameter rename Prescaler parameter to ClockPrescaler for STM32H7 is applicable
2024-06-16 14:39:32,134 [INFO] Rule:225 - rule LPUART IPParameter rename Prescaler parameter to ClockPrescaler for STM32H7 is applicable
2024-06-16 14:39:32,134 [INFO] Rule:225 - rule LPUART IPParameter rename Prescaler parameter to ClockPrescaler for STM32WB is applicable
2024-06-16 14:39:32,134 [INFO] Rule:225 - rule LPUART IPParameter rename Prescaler parameter to ClockPrescaler for STM32WB is applicable
2024-06-16 14:39:32,134 [INFO] Rule:225 - rule LPUART IPParameter rename Prescaler parameter to ClockPrescaler for STM32G4 is applicable
2024-06-16 14:39:32,134 [INFO] Rule:225 - rule LPUART IPParameter rename Prescaler parameter to ClockPrescaler for STM32G4 is applicable
2024-06-16 14:39:32,134 [INFO] Rule:225 - rule LPUART IPParameter rename Prescaler parameter to ClockPrescaler for STM32L5 is applicable
2024-06-16 14:39:32,134 [INFO] Rule:225 - rule LPUART IPParameter rename Prescaler parameter to ClockPrescaler for STM32L5 is applicable
2024-06-16 14:39:32,134 [INFO] Rule:225 - rule LPUART IPParameter rename Prescaler parameter to ClockPrescaler for STM32G4 is applicable
2024-06-16 14:39:32,134 [INFO] Rule:225 - rule LPUART IPParameter rename Prescaler parameter to ClockPrescaler for STM32G4 is applicable
2024-06-16 14:39:32,134 [INFO] Rule:225 - rule USB device lib V2.5.3 for L0 rename USBD_SUPPORT_USER_STRING parameter to USBD_SUPPORT_USER_STRING_DESC4 is applicable
2024-06-16 14:39:32,134 [INFO] Rule:225 - rule I2SCLockSelection clock entry align is applicable
2024-06-16 14:39:32,134 [INFO] Rule:225 - rule Assign TIMx context if used as SYS timebase is applicable
2024-06-16 14:39:32,134 [INFO] Rule:225 - rule Change GPIO_Pu Default Value for I2C is applicable
2024-06-16 14:39:32,134 [INFO] Rule:225 - rule Change GPIO_Pu Default Value for SMBus is applicable
2024-06-16 14:39:32,134 [INFO] Rule:225 - rule change FDCAN default value is applicable
2024-06-16 14:39:32,134 [INFO] Rule:225 - rule Change mode sai is applicable
2024-06-16 14:39:32,134 [INFO] Rule:225 - rule **Change sai mode is applicable
2024-06-16 14:39:32,150 [INFO] DbConfProperties:305 - Apply Compatibility (41/248 Rules)
2024-06-16 14:39:33,841 [INFO] ImportTextPane:193 - (OptionalMessage_ERROR) Unable to find key (Mcu.ThirdPartyNb) in loaded IOC file
2024-06-16 14:39:34,249 [INFO] RtosManager:489 - Registered RTOS mode: class=CMSIS, group=RTOS, mode=CMSIS_V1, owner=FREERTOS
2024-06-16 14:39:34,249 [INFO] RtosManager:489 - Registered RTOS mode: class=CMSIS, group=RTOS2, mode=CMSIS_V2, owner=FREERTOS
2024-06-16 14:39:34,249 [INFO] RtosManager:489 - Registered RTOS mode: class=RTOS, group=Core, mode=CMSIS_V1, owner=FREERTOS
2024-06-16 14:39:34,249 [INFO] RtosManager:489 - Registered RTOS mode: class=RTOS, group=Core, mode=CMSIS_V2, owner=FREERTOS
2024-06-16 14:39:34,249 [WARN] ModelIntegratedComponent:185 - Missing modes for component STMicroelectronics:FreeRTOS:0.0.1:STMicroelectronics:RTOS:FreeRTOS:Core:::10.2.0:
2024-06-16 14:39:34,264 [WARN] ModelIntegratedComponent:64 - No mode defined for component null
2024-06-16 14:39:34,264 [WARN] ModelIntegratedComponent:64 - No mode defined for component null
2024-06-16 14:39:34,264 [WARN] ModelIntegratedComponent:64 - No mode defined for component null
2024-06-16 14:39:34,264 [WARN] ModelIntegratedComponent:64 - No mode defined for component null
2024-06-16 14:39:34,264 [WARN] ModelIntegratedComponent:64 - No mode defined for component null
2024-06-16 14:39:34,264 [WARN] ModelIntegratedComponent:64 - No mode defined for component null
2024-06-16 14:39:34,264 [WARN] ModelIntegratedComponent:64 - No mode defined for component null
2024-06-16 14:39:34,264 [WARN] ModelIntegratedComponent:64 - No mode defined for component null
2024-06-16 14:39:34,264 [WARN] ModelIntegratedComponent:64 - No mode defined for component null
2024-06-16 14:39:34,264 [WARN] ModelIntegratedComponent:64 - No mode defined for component null
2024-06-16 14:39:34,264 [WARN] ModelIntegratedComponent:64 - No mode defined for component null
2024-06-16 14:39:34,264 [WARN] ModelIntegratedComponent:64 - No mode defined for component null
2024-06-16 14:39:34,264 [WARN] ModelIntegratedComponent:64 - No mode defined for component null
2024-06-16 14:39:34,264 [WARN] ModelIntegratedComponent:64 - No mode defined for component null
2024-06-16 14:39:34,264 [WARN] ModelIntegratedComponent:64 - No mode defined for component null
2024-06-16 14:39:34,264 [WARN] ModelIntegratedComponent:64 - No mode defined for component null
2024-06-16 14:39:34,264 [WARN] ModelIntegratedComponent:64 - No mode defined for component null
2024-06-16 14:39:34,264 [WARN] ModelIntegratedComponent:64 - No mode defined for component null
2024-06-16 14:39:34,264 [WARN] ModelIntegratedComponent:64 - No mode defined for component null
2024-06-16 14:39:34,264 [WARN] ModelIntegratedComponent:64 - No mode defined for component null
2024-06-16 14:39:34,264 [WARN] ModelIntegratedComponent:64 - No mode defined for component null
2024-06-16 14:39:34,264 [WARN] ModelIntegratedComponent:64 - No mode defined for component null
2024-06-16 14:39:34,264 [WARN] ModelIntegratedComponent:64 - No mode defined for component null
2024-06-16 14:39:34,264 [WARN] ModelIntegratedComponent:64 - No mode defined for component null
2024-06-16 14:39:34,264 [WARN] ModelIntegratedComponent:64 - No mode defined for component null
2024-06-16 14:39:34,264 [WARN] ModelIntegratedComponent:64 - No mode defined for component null
2024-06-16 14:39:34,264 [WARN] ModelIntegratedComponent:64 - No mode defined for component null
2024-06-16 14:39:34,264 [WARN] ModelIntegratedComponent:64 - No mode defined for component null
2024-06-16 14:39:34,264 [WARN] ModelIntegratedComponent:64 - No mode defined for component null
2024-06-16 14:39:34,264 [WARN] ModelIntegratedComponent:64 - No mode defined for component null
2024-06-16 14:39:34,264 [WARN] ModelIntegratedComponent:64 - No mode defined for component null
2024-06-16 14:39:34,264 [WARN] ModelIntegratedComponent:64 - No mode defined for component null
2024-06-16 14:39:34,264 [WARN] ModelIntegratedComponent:64 - No mode defined for component null
2024-06-16 14:39:35,045 [INFO] ThirdPartyModel:294 - Start build external matchings
2024-06-16 14:39:40,003 [INFO] ThirdPartyModel:310 - End build external matchings
2024-06-16 14:39:40,143 [INFO] ImportTextPane:193 - (OptionalMessage_ERROR) IP (RCC) : Invalid parameter (FamilyName)
2024-06-16 14:39:40,143 [INFO] ImportTextPane:193 - (OptionalMessage_ERROR) IP (RCC) : Invalid parameter (PLLM)
2024-06-16 14:39:40,143 [INFO] ImportTextPane:193 - (OptionalMessage_ERROR) IP (RCC) : Invalid parameter (PLLN)
2024-06-16 14:39:40,143 [INFO] ImportTextPane:193 - (OptionalMessage_ERROR) IP (RCC) : Invalid parameter (PLLP)
2024-06-16 14:39:40,143 [INFO] ImportTextPane:193 - (OptionalMessage_ERROR) IP (RCC) : Invalid parameter (PLLQ)
2024-06-16 14:39:40,143 [INFO] ImportTextPane:193 - (OptionalMessage_ERROR) IP (RCC) : Invalid parameter (TIM2Freq_Value)
2024-06-16 14:39:40,143 [INFO] ImportTextPane:193 - (OptionalMessage_ERROR) IP (RCC) : Parameter (USBFreq_Value) has invalid value (64000000)
2024-06-16 14:39:40,534 [INFO] UtilMem:74 - End LoadConfig() Used Memory: 927962184 Bytes (1065353216)
2024-06-16 14:39:40,692 [WARN] ThirdParty:807 - waiting for thirdparty lock release [change project]
2024-06-16 14:39:40,692 [INFO] ThirdParty:809 - entering critical section [change project]
2024-06-16 14:39:40,692 [INFO] ThirdParty:999 - CMSIS Pack Vendor :STMicroelectronics X-CUBE-GNSS1 6.0.0
2024-06-16 14:39:40,692 [INFO] ThirdParty:999 - CMSIS Pack Vendor :STMicroelectronics USB_HOST 2.0.0
2024-06-16 14:39:40,692 [INFO] ThirdParty:999 - CMSIS Pack Vendor :STMicroelectronics FP-SNS-MOTENVWB1 1.4.0
2024-06-16 14:39:40,692 [INFO] ThirdParty:999 - CMSIS Pack Vendor :STMicroelectronics X-CUBE-AZRTOS-F4 1.1.0
2024-06-16 14:39:40,692 [INFO] ThirdParty:999 - CMSIS Pack Vendor :STMicroelectronics LIBJPEG 8.0.0
2024-06-16 14:39:40,692 [INFO] ThirdParty:999 - CMSIS Pack Vendor :STMicroelectronics X-CUBE-SMBUS 2.1.0
2024-06-16 14:39:40,692 [INFO] ThirdParty:999 - CMSIS Pack Vendor :STMicroelectronics X-CUBE-FREERTOS 1.2.0
2024-06-16 14:39:40,692 [INFO] ThirdParty:999 - CMSIS Pack Vendor :STMicroelectronics X-CUBE-SUBG2 4.1.0
2024-06-16 14:39:40,692 [INFO] ThirdParty:999 - CMSIS Pack Vendor :STMicroelectronics X-CUBE-BLEMGR 1.2.0
2024-06-16 14:39:40,692 [INFO] ThirdParty:999 - CMSIS Pack Vendor :STMicroelectronics X-CUBE-TOUCHGFX 4.23.2
2024-06-16 14:39:40,692 [INFO] ThirdParty:999 - CMSIS Pack Vendor :STMicroelectronics X-CUBE-AZRTOS-H7 1.1.0
2024-06-16 14:39:40,692 [INFO] ThirdParty:999 - CMSIS Pack Vendor :STMicroelectronics X-CUBE-AZRTOS-F7 1.1.0
2024-06-16 14:39:40,692 [INFO] ThirdParty:999 - CMSIS Pack Vendor :STMicroelectronics X-CUBE-AZRTOS-L5 2.0.0
2024-06-16 14:39:40,692 [INFO] ThirdParty:999 - CMSIS Pack Vendor :STMicroelectronics USB_DEVICE 2.0.0
2024-06-16 14:39:40,692 [INFO] ThirdParty:999 - CMSIS Pack Vendor :STMicroelectronics X-CUBE-MEMS1 9.6.0
2024-06-16 14:39:40,692 [INFO] ThirdParty:999 - CMSIS Pack Vendor :STMicroelectronics X-CUBE-EEPRMA1 4.2.0
2024-06-16 14:39:40,692 [INFO] ThirdParty:999 - CMSIS Pack Vendor :STMicroelectronics X-CUBE-NFC6 3.1.0
2024-06-16 14:39:40,692 [INFO] ThirdParty:999 - CMSIS Pack Vendor :ITTIA_DB I-CUBE-ITTIADB 8.8.0
2024-06-16 14:39:40,692 [INFO] ThirdParty:999 - CMSIS Pack Vendor :STMicroelectronics FP-SNS-MOTENV1 4.3.0
2024-06-16 14:39:40,692 [INFO] ThirdParty:999 - CMSIS Pack Vendor :STMicroelectronics FP-SNS-MOTENV1 4.3.2
2024-06-16 14:39:40,692 [INFO] ThirdParty:999 - CMSIS Pack Vendor :STMicroelectronics FP-SNS-FLIGHT1 5.0.0
2024-06-16 14:39:40,692 [INFO] ThirdParty:999 - CMSIS Pack Vendor :STMicroelectronics X-CUBE-BLE1 6.2.3
2024-06-16 14:39:40,692 [INFO] ThirdParty:999 - CMSIS Pack Vendor :STMicroelectronics X-CUBE-EEPRMA1 3.0.0
2024-06-16 14:39:40,692 [INFO] ThirdParty:999 - CMSIS Pack Vendor :STMicroelectronics X-CUBE-BLE1 6.2.4
2024-06-16 14:39:40,692 [INFO] ThirdParty:999 - CMSIS Pack Vendor :STMicroelectronics FreeRTOS 0.0.1
2024-06-16 14:39:40,692 [INFO] ThirdParty:999 - CMSIS Pack Vendor :emotas I-CUBE-CANOPEN 1.1.3
2024-06-16 14:39:40,692 [INFO] ThirdParty:999 - CMSIS Pack Vendor :STMicroelectronics X-CUBE-BLEMGR 2.0.0
2024-06-16 14:39:40,692 [INFO] ThirdParty:999 - CMSIS Pack Vendor :STMicroelectronics X-CUBE-BLE1 6.2.0
2024-06-16 14:39:40,692 [INFO] ThirdParty:999 - CMSIS Pack Vendor :STMicroelectronics X-CUBE-BLE1 6.2.1
2024-06-16 14:39:40,692 [INFO] ThirdParty:999 - CMSIS Pack Vendor :STMicroelectronics X-CUBE-BLE2 3.2.1
2024-06-16 14:39:40,692 [INFO] ThirdParty:999 - CMSIS Pack Vendor :STMicroelectronics FP-SNS-FLIGHT1 5.0.2
2024-06-16 14:39:40,692 [INFO] ThirdParty:999 - CMSIS Pack Vendor :STMicroelectronics X-CUBE-NFC4 2.0.5
2024-06-16 14:39:40,692 [INFO] ThirdParty:999 - CMSIS Pack Vendor :STMicroelectronics X-CUBE-BLE2 3.2.2
2024-06-16 14:39:40,692 [INFO] ThirdParty:999 - CMSIS Pack Vendor :STMicroelectronics X-CUBE-NFC4 2.0.3
2024-06-16 14:39:40,692 [INFO] ThirdParty:999 - CMSIS Pack Vendor :STMicroelectronics X-CUBE-NFC4 2.0.2
2024-06-16 14:39:40,692 [INFO] ThirdParty:999 - CMSIS Pack Vendor :STMicroelectronics X-CUBE-AI 9.0.0
2024-06-16 14:39:40,692 [INFO] ThirdParty:999 - CMSIS Pack Vendor :STMicroelectronics X-CUBE-AZRTOS-H7 3.1.0
2024-06-16 14:39:40,692 [INFO] ThirdParty:999 - CMSIS Pack Vendor :STMicroelectronics PDM2PCM 3.3.0
2024-06-16 14:39:40,692 [INFO] ThirdParty:999 - CMSIS Pack Vendor :STMicroelectronics X-CUBE-BLE2 3.2.0
2024-06-16 14:39:40,692 [INFO] ThirdParty:999 - CMSIS Pack Vendor :STMicroelectronics X-CUBE-SFXS2LP1 3.1.0
2024-06-16 14:39:40,692 [INFO] ThirdParty:999 - CMSIS Pack Vendor :STMicroelectronics X-CUBE-DISPLAY 3.0.0
2024-06-16 14:39:40,692 [INFO] ThirdParty:999 - CMSIS Pack Vendor :STMicroelectronics X-CUBE-AZRTOS-F4 1.0.0
2024-06-16 14:39:40,692 [INFO] ThirdParty:999 - CMSIS Pack Vendor :STMicroelectronics X-CUBE-BLE1 7.0.0
2024-06-16 14:39:40,692 [INFO] ThirdParty:999 - CMSIS Pack Vendor :wolfSSL I-CUBE-wolfSSL 5.5.4
2024-06-16 14:39:40,692 [INFO] ThirdParty:999 - CMSIS Pack Vendor :STMicroelectronics X-CUBE-TOF1 2.0.0
2024-06-16 14:39:40,692 [INFO] ThirdParty:999 - CMSIS Pack Vendor :STMicroelectronics HAL Drivers 0.0.0
2024-06-16 14:39:40,692 [INFO] ThirdParty:999 - CMSIS Pack Vendor :STMicroelectronics X-CUBE-TOUCHGFX 4.22.0
2024-06-16 14:39:40,692 [INFO] ThirdParty:999 - CMSIS Pack Vendor :STMicroelectronics X-CUBE-NFC7 1.0.1
2024-06-16 14:39:40,692 [INFO] ThirdParty:999 - CMSIS Pack Vendor :STMicroelectronics MBEDTLS 2.14.1
2024-06-16 14:39:40,692 [INFO] ThirdParty:999 - CMSIS Pack Vendor :STMicroelectronics X-CUBE-NFC7 1.0.0
2024-06-16 14:39:40,692 [INFO] ThirdParty:999 - CMSIS Pack Vendor :STMicroelectronics X-CUBE-TOUCHGFX 4.22.1
2024-06-16 14:39:40,692 [INFO] ThirdParty:999 - CMSIS Pack Vendor :STMicroelectronics X-CUBE-SUBG2 4.2.0
2024-06-16 14:39:40,692 [INFO] ThirdParty:999 - CMSIS Pack Vendor :STMicroelectronics X-CUBE-AZRTOS-H7 1.0.0
2024-06-16 14:39:40,692 [INFO] ThirdParty:999 - CMSIS Pack Vendor :STMicroelectronics X-CUBE-NFC6 3.0.0
2024-06-16 14:39:40,692 [INFO] ThirdParty:999 - CMSIS Pack Vendor :STMicroelectronics X-CUBE-MEMS1 9.3.0
2024-06-16 14:39:40,692 [INFO] ThirdParty:999 - CMSIS Pack Vendor :STMicroelectronics X-CUBE-EEPRMA1 4.1.0
2024-06-16 14:39:40,692 [INFO] ThirdParty:999 - CMSIS Pack Vendor :STMicroelectronics X-CUBE-BLEMGR 3.1.0
2024-06-16 14:39:40,692 [INFO] ThirdParty:999 - CMSIS Pack Vendor :STMicroelectronics FP-SNS-SMARTAG2 1.2.0
2024-06-16 14:39:40,692 [INFO] ThirdParty:999 - CMSIS Pack Vendor :STMicroelectronics X-CUBE-AZRTOS-WL 2.0.0
2024-06-16 14:39:40,692 [INFO] ThirdParty:999 - CMSIS Pack Vendor :STMicroelectronics X-CUBE-ALGOBUILD 1.2.1
2024-06-16 14:39:40,692 [INFO] ThirdParty:999 - CMSIS Pack Vendor :STMicroelectronics X-CUBE-DISPLAY 1.0.0
2024-06-16 14:39:40,692 [INFO] ThirdParty:999 - CMSIS Pack Vendor :STMicroelectronics FP-SNS-MOTENV1 5.0.0
2024-06-16 14:39:40,692 [INFO] ThirdParty:999 - CMSIS Pack Vendor :STMicroelectronics USB_DEVICE 1.0.0
2024-06-16 14:39:40,692 [INFO] ThirdParty:999 - CMSIS Pack Vendor :STMicroelectronics X-CUBE-AI 8.1.0
2024-06-16 14:39:40,692 [INFO] ThirdParty:999 - CMSIS Pack Vendor :STMicroelectronics X-CUBE-AI 6.0.0
2024-06-16 14:39:40,692 [INFO] ThirdParty:999 - CMSIS Pack Vendor :STMicroelectronics X-CUBE-ALGOBUILD 1.2.0
2024-06-16 14:39:40,692 [INFO] ThirdParty:999 - CMSIS Pack Vendor :STMicroelectronics X-CUBE-AZRTOS-L4 2.0.0
2024-06-16 14:39:40,692 [INFO] ThirdParty:999 - CMSIS Pack Vendor :STMicroelectronics ThreadX 0.0.2
2024-06-16 14:39:40,692 [INFO] ThirdParty:999 - CMSIS Pack Vendor :WES I-CUBE-Cesium 1.3.0
2024-06-16 14:39:40,692 [INFO] ThirdParty:999 - CMSIS Pack Vendor :STMicroelectronics lwIP 2.1.2
2024-06-16 14:39:40,692 [INFO] ThirdParty:999 - CMSIS Pack Vendor :STMicroelectronics X-CUBE-SFXS2LP1 4.0.0
2024-06-16 14:39:40,692 [INFO] ThirdParty:999 - CMSIS Pack Vendor :STMicroelectronics X-CUBE-BLE2 3.3.0
2024-06-16 14:39:40,692 [INFO] ThirdParty:999 - CMSIS Pack Vendor :STMicroelectronics X-CUBE-DISPLAY 2.2.0
2024-06-16 14:39:40,692 [INFO] ThirdParty:999 - CMSIS Pack Vendor :STMicroelectronics X-CUBE-TOF1 3.2.0
2024-06-16 14:39:40,692 [INFO] ThirdParty:999 - CMSIS Pack Vendor :wolfSSL I-CUBE-wolfSSL 4.7.0
2024-06-16 14:39:40,692 [INFO] ThirdParty:999 - CMSIS Pack Vendor :STMicroelectronics PDM2PCM 3.2.0
2024-06-16 14:39:40,692 [INFO] ThirdParty:999 - CMSIS Pack Vendor :STMicroelectronics X-CUBE-TOUCHGFX 4.18.1
2024-06-16 14:39:40,692 [INFO] ThirdParty:999 - CMSIS Pack Vendor :STMicroelectronics X-CUBE-AZRTOS-H7 3.0.0
2024-06-16 14:39:40,692 [INFO] ThirdParty:999 - CMSIS Pack Vendor :STMicroelectronics X-CUBE-ISPU 1.1.0
2024-06-16 14:39:40,692 [INFO] ThirdParty:999 - CMSIS Pack Vendor :RoweBots I-CUBE-UNISONRTOS 5.5.0-4
2024-06-16 14:39:40,692 [INFO] ThirdParty:999 - CMSIS Pack Vendor :STMicroelectronics X-CUBE-SFXS2LP1 3.0.0
2024-06-16 14:39:40,692 [INFO] ThirdParty:999 - CMSIS Pack Vendor :STMicroelectronics X-CUBE-AZRTOS-H7 2.1.0
2024-06-16 14:39:40,692 [INFO] ThirdParty:999 - CMSIS Pack Vendor :STMicroelectronics USB_DEVICE 3.0.0
2024-06-16 14:39:40,692 [INFO] ThirdParty:999 - CMSIS Pack Vendor :STMicroelectronics X-CUBE-TCPP 4.1.0
2024-06-16 14:39:40,692 [INFO] ThirdParty:999 - CMSIS Pack Vendor :STMicroelectronics X-CUBE-AI 8.0.0
2024-06-16 14:39:40,692 [INFO] ThirdParty:999 - CMSIS Pack Vendor :STMicroelectronics X-CUBE-AZRTOS-WB 2.0.0
2024-06-16 14:39:40,692 [INFO] ThirdParty:999 - CMSIS Pack Vendor :STMicroelectronics X-CUBE-FREERTOS 1.0.1
2024-06-16 14:39:40,692 [INFO] ThirdParty:999 - CMSIS Pack Vendor :STMicroelectronics X-CUBE-TOUCHGFX 4.21.1
2024-06-16 14:39:40,692 [INFO] ThirdParty:999 - CMSIS Pack Vendor :STMicroelectronics X-CUBE-TOUCHGFX 4.21.3
2024-06-16 14:39:40,692 [INFO] ThirdParty:999 - CMSIS Pack Vendor :STMicroelectronics X-CUBE-MEMS1 9.0.0
2024-06-16 14:39:40,692 [INFO] ThirdParty:999 - CMSIS Pack Vendor :STMicroelectronics X-CUBE-TOUCHGFX 4.21.4
2024-06-16 14:39:40,692 [INFO] ThirdParty:999 - CMSIS Pack Vendor :STMicroelectronics X-CUBE-MEMS1 9.4.0
2024-06-16 14:39:40,692 [INFO] ThirdParty:999 - CMSIS Pack Vendor :STMicroelectronics X-CUBE-AI 7.3.0
2024-06-16 14:39:40,692 [INFO] ThirdParty:999 - CMSIS Pack Vendor :STMicroelectronics X-CUBE-ALGOBUILD 1.3.0
2024-06-16 14:39:40,692 [INFO] ThirdParty:999 - CMSIS Pack Vendor :STMicroelectronics X-CUBE-AZRTOS-L5 1.1.0
2024-06-16 14:39:40,692 [INFO] ThirdParty:999 - CMSIS Pack Vendor :STMicroelectronics X-CUBE-AZRTOS-G0 1.1.0
2024-06-16 14:39:40,692 [INFO] ThirdParty:999 - CMSIS Pack Vendor :STMicroelectronics X-CUBE-AI 8.0.1
2024-06-16 14:39:40,692 [INFO] ThirdParty:999 - CMSIS Pack Vendor :STMicroelectronics X-CUBE-SAFEA1 1.2.2
2024-06-16 14:39:40,692 [INFO] ThirdParty:999 - CMSIS Pack Vendor :STMicroelectronics X-CUBE-NFC4 3.0.0
2024-06-16 14:39:40,692 [INFO] ThirdParty:999 - CMSIS Pack Vendor :SEGGER I-CUBE-embOS 1.2.0
2024-06-16 14:39:40,692 [INFO] ThirdParty:999 - CMSIS Pack Vendor :STMicroelectronics X-CUBE-SUBG2 5.0.0
2024-06-16 14:39:40,692 [INFO] ThirdParty:999 - CMSIS Pack Vendor :STMicroelectronics STM32_WPAN 1.0.0
2024-06-16 14:39:40,692 [INFO] ThirdParty:999 - CMSIS Pack Vendor :wolfSSL I-CUBE-wolfMQTT 1.18.0
2024-06-16 14:39:40,692 [INFO] ThirdParty:999 - CMSIS Pack Vendor :STMicroelectronics lwIP 2.0.3
2024-06-16 14:39:40,692 [INFO] ThirdParty:999 - CMSIS Pack Vendor :STMicroelectronics X-CUBE-TOUCHGFX 4.13.0
2024-06-16 14:39:40,692 [INFO] ThirdParty:999 - CMSIS Pack Vendor :Cesanta I-CUBE-Mongoose 7.13.0
2024-06-16 14:39:40,692 [INFO] ThirdParty:999 - CMSIS Pack Vendor :STMicroelectronics USB_HOST 1.0.0
2024-06-16 14:39:40,692 [INFO] ThirdParty:999 - CMSIS Pack Vendor :STMicroelectronics X-CUBE-TOF1 3.3.1
2024-06-16 14:39:40,692 [INFO] ThirdParty:999 - CMSIS Pack Vendor :STMicroelectronics X-CUBE-AZRTOS-G4 2.0.0
2024-06-16 14:39:40,692 [INFO] ThirdParty:999 - CMSIS Pack Vendor :STMicroelectronics X-CUBE-TOUCHGFX 4.17.0
2024-06-16 14:39:40,692 [INFO] ThirdParty:999 - CMSIS Pack Vendor :STMicroelectronics PDM2PCM 3.1.0
2024-06-16 14:39:40,692 [INFO] ThirdParty:999 - CMSIS Pack Vendor :STMicroelectronics X-CUBE-TOF1 3.3.0
2024-06-16 14:39:40,692 [INFO] ThirdParty:999 - CMSIS Pack Vendor :STMicroelectronics FP-ATR-ASTRA1 1.1.1
2024-06-16 14:39:40,692 [INFO] ThirdParty:999 - CMSIS Pack Vendor :Infineon AIROC-Wi-Fi-Bluetooth-STM32 1.5.1
2024-06-16 14:39:40,692 [INFO] ThirdParty:999 - CMSIS Pack Vendor :STMicroelectronics X-CUBE-BLEMGR 3.0.0
2024-06-16 14:39:40,692 [INFO] ThirdParty:999 - CMSIS Pack Vendor :STMicroelectronics X-CUBE-BLEMGR 1.3.0
2024-06-16 14:39:40,692 [INFO] ThirdParty:999 - CMSIS Pack Vendor :STMicroelectronics FP-SNS-MOTENVWB1 1.3.0
2024-06-16 14:39:40,692 [INFO] ThirdParty:999 - CMSIS Pack Vendor :STMicroelectronics X-CUBE-AZRTOS-H7 2.0.0
2024-06-16 14:39:40,692 [INFO] ThirdParty:999 - CMSIS Pack Vendor :STMicroelectronics FP-SNS-MOTENVWB1 1.3.1
2024-06-16 14:39:40,692 [INFO] ThirdParty:999 - CMSIS Pack Vendor :STMicroelectronics FP-ATR-SIGFOX1 3.2.0
2024-06-16 14:39:40,692 [INFO] ThirdParty:999 - CMSIS Pack Vendor :STMicroelectronics X-CUBE-AZRTOS-G4 1.0.0
2024-06-16 14:39:40,692 [INFO] ThirdParty:999 - CMSIS Pack Vendor :STMicroelectronics X-CUBE-AZRTOS-L4 1.0.0
2024-06-16 14:39:40,692 [INFO] ThirdParty:999 - CMSIS Pack Vendor :STMicroelectronics X-CUBE-ISPU 2.0.0
2024-06-16 14:39:40,692 [INFO] ThirdParty:999 - CMSIS Pack Vendor :STMicroelectronics X-CUBE-EEPRMA1 5.1.0
2024-06-16 14:39:40,692 [INFO] ThirdParty:999 - CMSIS Pack Vendor :STMicroelectronics MBEDTLS 2.16.2
2024-06-16 14:39:40,692 [INFO] ThirdParty:999 - CMSIS Pack Vendor :STMicroelectronics X-CUBE-ALS 1.0.2
2024-06-16 14:39:40,692 [INFO] ThirdParty:999 - CMSIS Pack Vendor :STMicroelectronics X-CUBE-TOUCHGFX 4.20.0
2024-06-16 14:39:40,692 [INFO] ThirdParty:999 - CMSIS Pack Vendor :STMicroelectronics X-CUBE-MEMS1 10.0.0
2024-06-16 14:39:40,692 [INFO] ThirdParty:999 - CMSIS Pack Vendor :STMicroelectronics X-CUBE-FREERTOS 1.1.0
2024-06-16 14:39:40,692 [INFO] ThirdParty:999 - CMSIS Pack Vendor :STMicroelectronics X-CUBE-AZRTOS-WL 1.0.0
2024-06-16 14:39:40,692 [INFO] ThirdParty:999 - CMSIS Pack Vendor :STMicroelectronics X-CUBE-TOF1 1.0.0
2024-06-16 14:39:40,692 [INFO] ThirdParty:999 - CMSIS Pack Vendor :portGmbH I-Cube-SoM-uGOAL 1.1.0
2024-06-16 14:39:40,692 [INFO] ThirdParty:999 - CMSIS Pack Vendor :STMicroelectronics X-CUBE-ALS 1.0.1
2024-06-16 14:39:40,692 [INFO] ThirdParty:999 - CMSIS Pack Vendor :STMicroelectronics X-CUBE-MEMS1 9.5.0
2024-06-16 14:39:40,692 [INFO] ThirdParty:999 - CMSIS Pack Vendor :STMicroelectronics X-CUBE-AI 7.0.0
2024-06-16 14:39:40,692 [INFO] ThirdParty:999 - CMSIS Pack Vendor :STMicroelectronics ThreadX 1.0.0
2024-06-16 14:39:40,692 [INFO] ThirdParty:999 - CMSIS Pack Vendor :STMicroelectronics X-CUBE-AZRTOS-WB 1.1.0
2024-06-16 14:39:40,692 [INFO] ThirdParty:999 - CMSIS Pack Vendor :SEGGER I-CUBE-embOS 1.3.1
2024-06-16 14:39:40,692 [INFO] ThirdParty:999 - CMSIS Pack Vendor :STMicroelectronics X-CUBE-ALGOBUILD 1.4.0
2024-06-16 14:39:40,692 [INFO] ThirdParty:999 - CMSIS Pack Vendor :STMicroelectronics X-CUBE-MEMS1 8.3.0
2024-06-16 14:39:40,692 [INFO] ThirdParty:999 - CMSIS Pack Vendor :STMicroelectronics X-CUBE-AZRTOS-L5 1.0.0
2024-06-16 14:39:40,692 [INFO] ThirdParty:999 - CMSIS Pack Vendor :STMicroelectronics X-CUBE-EEPRMA1 3.1.0
2024-06-16 14:39:40,692 [INFO] ThirdParty:999 - CMSIS Pack Vendor :STMicroelectronics X-CUBE-EEPRMA1 3.1.1
2024-06-16 14:39:40,692 [INFO] ThirdParty:999 - CMSIS Pack Vendor :STMicroelectronics X-CUBE-AZRTOS-H7RS 1.0.0
2024-06-16 14:39:40,692 [INFO] ThirdParty:999 - CMSIS Pack Vendor :STMicroelectronics X-CUBE-GNSS1 5.2.0
2024-06-16 14:39:40,692 [INFO] ThirdParty:999 - CMSIS Pack Vendor :STMicroelectronics FP-ATR-ASTRA1 2.0.0
2024-06-16 14:39:40,692 [INFO] ThirdParty:999 - CMSIS Pack Vendor :STMicroelectronics X-CUBE-TOF1 3.4.0
2024-06-16 14:39:40,692 [INFO] ThirdParty:999 - CMSIS Pack Vendor :STMicroelectronics X-CUBE-TOF1 3.4.1
2024-06-16 14:39:40,692 [INFO] ThirdParty:999 - CMSIS Pack Vendor :STMicroelectronics X-CUBE-TOUCHGFX 4.16.1
2024-06-16 14:39:40,692 [INFO] ThirdParty:999 - CMSIS Pack Vendor :STMicroelectronics X-CUBE-AZRTOS-H7 3.2.0
2024-06-16 14:39:40,692 [INFO] ThirdParty:815 - exiting critical section [change project]
2024-06-16 14:39:41,428 [INFO] PinOutPanel:1477 - setPackage(No Configuration,No Configuration)
2024-06-16 14:39:41,428 [INFO] PinOutPanel:1477 - setPackage(STM32F302R8Tx,LQFP64)
2024-06-16 14:39:43,366 [INFO] UtilMem:74 - Before build in PCC Used Memory: 949489960 Bytes (1065353216)
2024-06-16 14:39:45,460 [INFO] UtilMem:74 - After build in PCC Used Memory: 960494264 Bytes (1065353216)
2024-06-16 14:39:45,491 [INFO] IPUIPlugin:79 - create IPUIPlugin
2024-06-16 14:39:45,491 [INFO] IPUIPlugin:79 - create IPUIPlugin
2024-06-16 14:39:45,491 [INFO] IPUIPlugin:79 - create IPUIPlugin
2024-06-16 14:39:45,491 [INFO] IPUIPlugin:79 - create IPUIPlugin
2024-06-16 14:39:45,491 [INFO] IPUIPlugin:79 - create IPUIPlugin
2024-06-16 14:39:45,491 [INFO] IPUIPlugin:79 - create IPUIPlugin
2024-06-16 14:39:45,491 [INFO] IPUIPlugin:79 - create IPUIPlugin
2024-06-16 14:39:45,491 [INFO] IPUIPlugin:79 - create IPUIPlugin
2024-06-16 14:39:45,491 [INFO] IPUIPlugin:79 - create IPUIPlugin
2024-06-16 14:39:45,491 [INFO] IPUIPlugin:79 - create IPUIPlugin
2024-06-16 14:39:45,491 [INFO] IPUIPlugin:79 - create IPUIPlugin
2024-06-16 14:39:45,491 [INFO] IPUIPlugin:79 - create IPUIPlugin
2024-06-16 14:39:45,491 [INFO] IPUIPlugin:79 - create IPUIPlugin
2024-06-16 14:39:45,491 [INFO] IPUIPlugin:79 - create IPUIPlugin
2024-06-16 14:39:45,491 [INFO] IPUIPlugin:79 - create IPUIPlugin
2024-06-16 14:39:45,491 [INFO] IPUIPlugin:79 - create IPUIPlugin
2024-06-16 14:39:45,491 [INFO] IPUIPlugin:79 - create IPUIPlugin
2024-06-16 14:39:45,491 [INFO] IPUIPlugin:79 - create IPUIPlugin
2024-06-16 14:39:45,491 [INFO] IPUIPlugin:79 - create IPUIPlugin
2024-06-16 14:39:45,491 [INFO] IPUIPlugin:79 - create IPUIPlugin
2024-06-16 14:39:45,491 [INFO] IPUIPlugin:79 - create IPUIPlugin
2024-06-16 14:39:45,507 [INFO] IPUIPlugin:79 - create IPUIPlugin
2024-06-16 14:39:45,507 [INFO] IPUIPlugin:79 - create IPUIPlugin
2024-06-16 14:39:45,507 [INFO] IPUIPlugin:79 - create IPUIPlugin
2024-06-16 14:39:45,507 [INFO] IPUIPlugin:79 - create IPUIPlugin
2024-06-16 14:39:45,507 [INFO] IPUIPlugin:79 - create IPUIPlugin
2024-06-16 14:39:45,507 [INFO] IPUIPlugin:79 - create IPUIPlugin
2024-06-16 14:39:45,538 [INFO] IPUIPlugin:79 - create IPUIPlugin
2024-06-16 14:39:45,538 [INFO] IPUIPlugin:79 - create IPUIPlugin
2024-06-16 14:39:45,538 [INFO] IPUIPlugin:79 - create IPUIPlugin
2024-06-16 14:39:45,538 [INFO] IPUIPlugin:79 - create IPUIPlugin
2024-06-16 14:39:45,538 [INFO] IPUIPlugin:79 - create IPUIPlugin
2024-06-16 14:39:45,538 [INFO] IPUIPlugin:79 - create IPUIPlugin
2024-06-16 14:39:45,538 [INFO] IPUIPlugin:79 - create IPUIPlugin
2024-06-16 14:39:45,538 [INFO] IPUIPlugin:79 - create IPUIPlugin
2024-06-16 14:39:45,538 [INFO] IPUIPlugin:79 - create IPUIPlugin
2024-06-16 14:39:45,538 [INFO] IPUIPlugin:79 - create IPUIPlugin
2024-06-16 14:39:45,538 [INFO] IPUIPlugin:79 - create IPUIPlugin
2024-06-16 14:39:45,538 [INFO] IPUIPlugin:79 - create IPUIPlugin
2024-06-16 14:39:46,133 [INFO] CADModel:164 - CPN selected for project levelSTM32F302R8T6
2024-06-16 14:39:46,133 [INFO] CADModel:113 - Register for checkConnection events
2024-06-16 14:39:46,196 [INFO] OpenFileManager:327 - Restore cursor
2024-06-16 14:39:47,541 [INFO] UtilMem:74 - End SaveConfig() Used Memory: 939243520 Bytes (1065353216)
2024-06-16 14:39:47,791 [INFO] UtilMem:74 - End SaveConfig() Used Memory: 953923584 Bytes (1065353216)
2024-06-16 14:39:48,291 [INFO] BlockDiagram:2759 - set Specific Code input for plugin: NVIC
2024-06-16 14:39:48,291 [INFO] BlockDiagram:2759 - set Specific Code input for plugin: USART
2024-06-16 14:39:48,291 [INFO] BlockDiagram:2759 - set Specific Code input for plugin: SYS
2024-06-16 14:39:48,291 [INFO] BlockDiagram:2759 - set Specific Code input for plugin: GPIO
2024-06-16 14:39:48,291 [INFO] BlockDiagram:2759 - set Specific Code input for plugin: RCC
2024-06-16 14:39:48,291 [INFO] CodeGenerator:692 - code generatio: config db path: C:\ST\STM32CubeIDE_1.11.2\STM32CubeIDE\plugins\com.st.stm32cube.common.mx_6.7.0.202301130839\\db\
2024-06-16 14:39:48,855 [INFO] CodeEngine:247 - oldGeneratedFile, B:\stm32f302 projects\stm32f302 freeRtos workspace\F3_task_queues\MXTmpFiles\license.tmp_save
2024-06-16 14:39:50,093 [INFO] CodeEngine:271 - Generated code: B:\stm32f302 projects\stm32f302 freeRtos workspace\F3_task_queues\MXTmpFiles\license.tmp
2024-06-16 14:39:50,374 [INFO] CodeEngine:247 - oldGeneratedFile, B:\stm32f302 projects\stm32f302 freeRtos workspace\F3_task_queues\MXTmpFiles\gpio.tmp_save
2024-06-16 14:39:50,814 [INFO] CodeEngine:271 - Generated code: B:\stm32f302 projects\stm32f302 freeRtos workspace\F3_task_queues\MXTmpFiles\gpio.tmp
2024-06-16 14:39:51,096 [INFO] CodeEngine:247 - oldGeneratedFile, B:\stm32f302 projects\stm32f302 freeRtos workspace\F3_task_queues\Core\Src\stm32f3xx_it.c_save
2024-06-16 14:39:51,394 [INFO] CodeEngine:271 - Generated code: B:\stm32f302 projects\stm32f302 freeRtos workspace\F3_task_queues\Core\Src\stm32f3xx_it.c
2024-06-16 14:39:51,410 [INFO] CodeEngine:247 - oldGeneratedFile, B:\stm32f302 projects\stm32f302 freeRtos workspace\F3_task_queues\Core\Inc\stm32f3xx_it.h_save
2024-06-16 14:39:51,521 [INFO] CodeEngine:271 - Generated code: B:\stm32f302 projects\stm32f302 freeRtos workspace\F3_task_queues\Core\Inc\stm32f3xx_it.h
2024-06-16 14:39:51,552 [INFO] CodeEngine:247 - oldGeneratedFile, B:\stm32f302 projects\stm32f302 freeRtos workspace\F3_task_queues\Core\Src\stm32f3xx_hal_msp.c_save
2024-06-16 14:39:51,819 [INFO] CodeEngine:271 - Generated code: B:\stm32f302 projects\stm32f302 freeRtos workspace\F3_task_queues\Core\Src\stm32f3xx_hal_msp.c
2024-06-16 14:39:51,835 [INFO] CodeEngine:247 - oldGeneratedFile, B:\stm32f302 projects\stm32f302 freeRtos workspace\F3_task_queues\MXTmpFiles\system.tmp_save
2024-06-16 14:39:51,946 [INFO] CodeEngine:271 - Generated code: B:\stm32f302 projects\stm32f302 freeRtos workspace\F3_task_queues\MXTmpFiles\system.tmp
2024-06-16 14:39:52,010 [INFO] CodeEngine:303 - oldGeneratedFile, B:\stm32f302 projects\stm32f302 freeRtos workspace\F3_task_queues\Core\Inc\stm32f3xx_hal_conf.h_save
2024-06-16 14:39:52,228 [INFO] CodeEngine:327 - Generated code: B:\stm32f302 projects\stm32f302 freeRtos workspace\F3_task_queues\Core\Inc\stm32f3xx_hal_conf.h
2024-06-16 14:39:52,291 [INFO] CodeEngine:247 - oldGeneratedFile, B:\stm32f302 projects\stm32f302 freeRtos workspace\F3_task_queues\Core\Inc\main.h_save
2024-06-16 14:39:52,480 [INFO] CodeEngine:271 - Generated code: B:\stm32f302 projects\stm32f302 freeRtos workspace\F3_task_queues\Core\Inc\main.h
2024-06-16 14:39:52,496 [INFO] CodeEngine:247 - oldGeneratedFile, B:\stm32f302 projects\stm32f302 freeRtos workspace\F3_task_queues\Core\Src\main.c_save
2024-06-16 14:39:52,701 [INFO] CodeEngine:271 - Generated code: B:\stm32f302 projects\stm32f302 freeRtos workspace\F3_task_queues\Core\Src\main.c
2024-06-16 14:39:53,709 [INFO] ProjectBuilder:2919 - Time for Copy HAL[1] : 220mS.
2024-06-16 14:39:53,740 [INFO] ProjectBuilder:4183 - Project Generator version: 3.18.0-B7
2024-06-16 14:39:54,822 [INFO] ConfigFileManager:1396 - The Die is : DIE439
2024-06-16 14:39:54,854 [INFO] ApiDbMcu:505 - Load IP Config File for FATFS
2024-06-16 14:39:54,870 [INFO] ApiDbMcu:505 - Load IP Config File for FREERTOS
2024-06-16 14:39:54,902 [INFO] ApiDbMcu:505 - Load IP Config File for TOUCHSENSING
2024-06-16 14:39:54,918 [INFO] ApiDbMcu:505 - Load IP Config File for USB_DEVICE
2024-06-16 14:40:01,967 [INFO] ProjectBuilder:4351 - Time for Generating toolchain IDE Files: 8227mS.
2024-06-16 14:40:01,967 [INFO] ProjectBuilder:2790 - Time for Copy CMSIS : 0mS.
2024-06-16 14:40:01,983 [INFO] ProjectBuilder:2790 - Time for Copy CMSIS : 0mS.
2024-06-16 14:40:03,311 [ERROR] ConfigurationRetriever:140 - IOException on connection: citools.st.com
2024-06-16 14:40:03,311 [ERROR] ConfigurationRetriever:140 - IOException on connection: citools.st.com
2024-06-16 14:40:03,311 [ERROR] ConfigurationRetriever:140 - IOException on connection: citools.st.com
2024-06-16 14:40:04,656 [INFO] McuFinderGlobals:65 - Set McuFinderConnectedMode to true
2024-06-16 14:40:04,656 [INFO] ApiDb:447 - Save user favorites file C:\Users\rahul/.stm32cubeide/favorites.mcus.txt: 0 item(s)
2024-06-16 14:40:04,656 [INFO] ApiDb:451 - User favorites MCUs=[]
2024-06-16 14:40:04,656 [INFO] ApiDb:447 - Save user favorites file C:\Users\rahul/.stm32cubeide/favorites.boards.txt: 1 item(s)
2024-06-16 14:40:04,656 [INFO] ApiDb:451 - User favorites Boards=[NUCLEO-F302R8]
2024-06-16 14:40:29,848 [INFO] RtosManager:802 - Current active RTOS is FREERTOS [Cortex-M4NS]
2024-06-16 14:40:30,382 [ERROR] RtosPanel:557 - Can not restore the selected Tab for FREERTOS(A reason can be that the tab is no more available.)
2024-06-16 14:40:30,476 [ERROR] RtosPanel:557 - Can not restore the selected Tab for FREERTOS(A reason can be that the tab is no more available.)
2024-06-16 14:40:34,861 [INFO] TasksAndQueuesTab:756 - Dynamic
2024-06-16 14:40:34,861 [WARN] TasksAndQueuesTab:762 - 128 128
2024-06-16 14:40:34,861 [WARN] TasksAndQueuesTab:774 - max value is: 768.0
2024-06-16 14:41:29,371 [INFO] EditThreadDialog:703 - RAM SIZE (in KB): 16
2024-06-16 14:41:29,371 [INFO] EditThreadDialog:705 - RAM SIZE (in words): 4096
2024-06-16 14:41:44,389 [INFO] EditThreadDialog:703 - RAM SIZE (in KB): 16
2024-06-16 14:41:44,389 [INFO] EditThreadDialog:705 - RAM SIZE (in words): 4096
2024-06-16 14:42:12,131 [INFO] TasksAndQueuesTab:756 - Dynamic
2024-06-16 14:42:12,131 [WARN] TasksAndQueuesTab:762 - 128 128
2024-06-16 14:42:12,131 [WARN] TasksAndQueuesTab:774 - max value is: 768.0
2024-06-16 14:42:12,131 [INFO] TasksAndQueuesTab:756 - Dynamic
2024-06-16 14:42:12,131 [WARN] TasksAndQueuesTab:762 - 128 128
2024-06-16 14:42:12,131 [WARN] TasksAndQueuesTab:774 - max value is: 768.0
2024-06-16 14:42:12,240 [ERROR] RtosPanel:557 - Can not restore the selected Tab for FREERTOS(A reason can be that the tab is no more available.)
2024-06-16 14:42:28,586 [INFO] TasksAndQueuesTab:756 - Dynamic
2024-06-16 14:42:28,586 [WARN] TasksAndQueuesTab:762 - 128 128
2024-06-16 14:42:28,586 [WARN] TasksAndQueuesTab:774 - max value is: 768.0
2024-06-16 14:42:28,586 [INFO] TasksAndQueuesTab:756 - Dynamic
2024-06-16 14:42:28,586 [WARN] TasksAndQueuesTab:762 - 128 128
2024-06-16 14:42:28,586 [WARN] TasksAndQueuesTab:774 - max value is: 768.0
2024-06-16 14:44:05,701 [WARN] IP:2112 - PLLMUL not found: check if there is a RefParameter without a condition.
2024-06-16 14:44:05,701 [WARN] IP:2112 - PLLSourceVirtual not found: check if there is a RefParameter without a condition.
2024-06-16 14:44:05,701 [WARN] IP:2112 - APB1TimCLKDivider not found: check if there is a RefParameter without a condition.
2024-06-16 14:44:05,701 [WARN] IP:2112 - TIMMUL not found: check if there is a RefParameter without a condition.
2024-06-16 14:44:05,701 [WARN] IP:2112 - HSIRCDiv not found: check if there is a RefParameter without a condition.
2024-06-16 14:44:05,701 [WARN] IP:2112 - RCC_PLLsource_Clock_Source_FROM_HSE not found: check if there is a RefParameter without a condition.
2024-06-16 14:44:05,701 [WARN] IP:2112 - RCC_RTC_Clock_Source_FROM_HSE not found: check if there is a RefParameter without a condition.
2024-06-16 14:44:05,701 [WARN] IP:2112 - PRESCALERUSB not found: check if there is a RefParameter without a condition.
2024-06-16 14:44:05,701 [WARN] IP:2112 - RCC_MCOMult_Clock_Source_FROM_PLLMUL not found: check if there is a RefParameter without a condition.
2024-06-16 14:44:05,701 [WARN] IP:2112 - AHBCLKDivider not found: check if there is a RefParameter without a condition.
2024-06-16 14:44:05,701 [WARN] IP:2112 - Cortex_Div not found: check if there is a RefParameter without a condition.
2024-06-16 14:44:05,701 [WARN] IP:2112 - APB1CLKDivider not found: check if there is a RefParameter without a condition.
2024-06-16 14:44:05,701 [WARN] IP:2112 - APB2CLKDivider not found: check if there is a RefParameter without a condition.
2024-06-16 14:44:05,701 [WARN] IP:2112 - ADC12PRES not found: check if there is a RefParameter without a condition.
2024-06-16 14:44:05,701 [WARN] IP:2112 - ADC34PRES not found: check if there is a RefParameter without a condition.
2024-06-16 14:44:05,701 [WARN] IP:2112 - PLLSource not found: check if there is a RefParameter without a condition.
2024-06-16 14:44:05,701 [WARN] IP:2112 - SYSCLKSource not found: check if there is a RefParameter without a condition.
2024-06-16 14:44:05,701 [WARN] IP:2112 - RTCClockSelection not found: check if there is a RefParameter without a condition.
2024-06-16 14:44:05,701 [WARN] IP:2112 - RCC_MCOSource not found: check if there is a RefParameter without a condition.
2024-06-16 14:44:05,701 [WARN] IP:2112 - I2c1ClockSelection not found: check if there is a RefParameter without a condition.
2024-06-16 14:44:45,939 [ERROR] LogOutputStream:74 - [STDERR_REDIRECT] Exception in thread "AWT-EventQueue-0" java.util.ConcurrentModificationException
2024-06-16 14:44:45,939 [ERROR] LogOutputStream:74 - [STDERR_REDIRECT] 	at java.base/java.util.LinkedHashMap$LinkedHashIterator.nextNode(LinkedHashMap.java:719)
2024-06-16 14:44:45,939 [ERROR] LogOutputStream:74 - [STDERR_REDIRECT] 	at java.base/java.util.LinkedHashMap$LinkedKeyIterator.next(LinkedHashMap.java:741)
2024-06-16 14:44:45,939 [ERROR] LogOutputStream:74 - [STDERR_REDIRECT] 	at com.st.microxplorer.mcu.IP.getParameterValue(IP.java:3200)
2024-06-16 14:44:45,939 [ERROR] LogOutputStream:74 - [STDERR_REDIRECT] 	at com.st.microxplorer.mcu.IP.getParameterValue(IP.java:3152)
2024-06-16 14:44:45,939 [ERROR] LogOutputStream:74 - [STDERR_REDIRECT] 	at com.st.microxplorer.plugins.clock.model.clocktree.Element.isEnabled(Element.java:810)
2024-06-16 14:44:45,939 [ERROR] LogOutputStream:74 - [STDERR_REDIRECT] 	at com.st.microxplorer.plugins.clock.model.ClockTree.updateElementsState(ClockTree.java:361)
2024-06-16 14:44:45,939 [ERROR] LogOutputStream:74 - [STDERR_REDIRECT] 	at com.st.microxplorer.plugins.clock.gui.MultiplexerUI.propertyChange(MultiplexerUI.java:383)
2024-06-16 14:44:45,939 [ERROR] LogOutputStream:74 - [STDERR_REDIRECT] 	at java.desktop/java.beans.PropertyChangeSupport.fire(PropertyChangeSupport.java:341)
2024-06-16 14:44:45,939 [ERROR] LogOutputStream:74 - [STDERR_REDIRECT] 	at java.desktop/java.beans.PropertyChangeSupport.firePropertyChange(PropertyChangeSupport.java:333)
2024-06-16 14:44:45,955 [ERROR] LogOutputStream:74 - [STDERR_REDIRECT] 	at java.desktop/java.beans.PropertyChangeSupport.firePropertyChange(PropertyChangeSupport.java:266)
2024-06-16 14:44:45,955 [ERROR] LogOutputStream:74 - [STDERR_REDIRECT] 	at com.st.microxplorer.plugins.clock.model.clocktree.Multiplexer.setSelectedInput(Multiplexer.java:89)
2024-06-16 14:44:45,955 [ERROR] LogOutputStream:74 - [STDERR_REDIRECT] 	at com.st.microxplorer.plugins.clock.gui.MultiplexerUI.actionPerformed(MultiplexerUI.java:494)
2024-06-16 14:44:45,955 [ERROR] LogOutputStream:74 - [STDERR_REDIRECT] 	at java.desktop/javax.swing.AbstractButton.fireActionPerformed(AbstractButton.java:1967)
2024-06-16 14:44:45,955 [ERROR] LogOutputStream:74 - [STDERR_REDIRECT] 	at java.desktop/javax.swing.AbstractButton$Handler.actionPerformed(AbstractButton.java:2308)
2024-06-16 14:44:45,955 [ERROR] LogOutputStream:74 - [STDERR_REDIRECT] 	at java.desktop/javax.swing.DefaultButtonModel.fireActionPerformed(DefaultButtonModel.java:405)
2024-06-16 14:44:45,955 [ERROR] LogOutputStream:74 - [STDERR_REDIRECT] 	at java.desktop/javax.swing.JToggleButton$ToggleButtonModel.setPressed(JToggleButton.java:401)
2024-06-16 14:44:45,955 [ERROR] LogOutputStream:74 - [STDERR_REDIRECT] 	at java.desktop/javax.swing.plaf.basic.BasicButtonListener.mouseReleased(BasicButtonListener.java:279)
2024-06-16 14:44:45,955 [ERROR] LogOutputStream:74 - [STDERR_REDIRECT] 	at com.st.components.swing.JXTransformer$MagicGlassPane.dispatchMouseEvent(JXTransformer.java:317)
2024-06-16 14:44:45,955 [ERROR] LogOutputStream:74 - [STDERR_REDIRECT] 	at com.st.components.swing.JXTransformer$MagicGlassPane.processMouseEvent(JXTransformer.java:298)
2024-06-16 14:44:45,970 [ERROR] LogOutputStream:74 - [STDERR_REDIRECT] 	at java.desktop/java.awt.Component.processEvent(Component.java:6400)
2024-06-16 14:44:45,970 [ERROR] LogOutputStream:74 - [STDERR_REDIRECT] 	at java.desktop/java.awt.Container.processEvent(Container.java:2263)
2024-06-16 14:44:45,970 [ERROR] LogOutputStream:74 - [STDERR_REDIRECT] 	at java.desktop/java.awt.Component.dispatchEventImpl(Component.java:5011)
2024-06-16 14:44:45,970 [ERROR] LogOutputStream:74 - [STDERR_REDIRECT] 	at java.desktop/java.awt.Container.dispatchEventImpl(Container.java:2321)
2024-06-16 14:44:45,970 [ERROR] LogOutputStream:74 - [STDERR_REDIRECT] 	at java.desktop/java.awt.Component.dispatchEvent(Component.java:4843)
2024-06-16 14:44:45,970 [ERROR] LogOutputStream:74 - [STDERR_REDIRECT] 	at java.desktop/java.awt.LightweightDispatcher.retargetMouseEvent(Container.java:4918)
2024-06-16 14:44:45,970 [ERROR] LogOutputStream:74 - [STDERR_REDIRECT] 	at java.desktop/java.awt.LightweightDispatcher.processMouseEvent(Container.java:4547)
2024-06-16 14:44:45,970 [ERROR] LogOutputStream:74 - [STDERR_REDIRECT] 	at java.desktop/java.awt.LightweightDispatcher.dispatchEvent(Container.java:4488)
2024-06-16 14:44:45,970 [ERROR] LogOutputStream:74 - [STDERR_REDIRECT] 	at java.desktop/java.awt.Container.dispatchEventImpl(Container.java:2307)
2024-06-16 14:44:45,970 [ERROR] LogOutputStream:74 - [STDERR_REDIRECT] 	at java.desktop/java.awt.Component.dispatchEvent(Component.java:4843)
2024-06-16 14:44:45,970 [ERROR] LogOutputStream:74 - [STDERR_REDIRECT] 	at java.desktop/java.awt.EventQueue.dispatchEventImpl(EventQueue.java:772)
2024-06-16 14:44:45,970 [ERROR] LogOutputStream:74 - [STDERR_REDIRECT] 	at java.desktop/java.awt.EventQueue$4.run(EventQueue.java:721)
2024-06-16 14:44:45,970 [ERROR] LogOutputStream:74 - [STDERR_REDIRECT] 	at java.desktop/java.awt.EventQueue$4.run(EventQueue.java:715)
2024-06-16 14:44:45,970 [ERROR] LogOutputStream:74 - [STDERR_REDIRECT] 	at java.base/java.security.AccessController.doPrivileged(Native Method)
2024-06-16 14:44:45,970 [ERROR] LogOutputStream:74 - [STDERR_REDIRECT] 	at java.base/java.security.ProtectionDomain$JavaSecurityAccessImpl.doIntersectionPrivilege(ProtectionDomain.java:85)
2024-06-16 14:44:45,970 [ERROR] LogOutputStream:74 - [STDERR_REDIRECT] 	at java.base/java.security.ProtectionDomain$JavaSecurityAccessImpl.doIntersectionPrivilege(ProtectionDomain.java:95)
2024-06-16 14:44:45,986 [ERROR] LogOutputStream:74 - [STDERR_REDIRECT] 	at java.desktop/java.awt.EventQueue$5.run(EventQueue.java:745)
2024-06-16 14:44:45,986 [ERROR] LogOutputStream:74 - [STDERR_REDIRECT] 	at java.desktop/java.awt.EventQueue$5.run(EventQueue.java:743)
2024-06-16 14:44:45,986 [ERROR] LogOutputStream:74 - [STDERR_REDIRECT] 	at java.base/java.security.AccessController.doPrivileged(Native Method)
2024-06-16 14:44:45,986 [ERROR] LogOutputStream:74 - [STDERR_REDIRECT] 	at java.base/java.security.ProtectionDomain$JavaSecurityAccessImpl.doIntersectionPrivilege(ProtectionDomain.java:85)
2024-06-16 14:44:45,986 [ERROR] LogOutputStream:74 - [STDERR_REDIRECT] 	at java.desktop/java.awt.EventQueue.dispatchEvent(EventQueue.java:742)
2024-06-16 14:44:45,986 [ERROR] LogOutputStream:74 - [STDERR_REDIRECT] 	at java.desktop/java.awt.EventDispatchThread.pumpOneEventForFilters(EventDispatchThread.java:203)
2024-06-16 14:44:45,986 [ERROR] LogOutputStream:74 - [STDERR_REDIRECT] 	at java.desktop/java.awt.EventDispatchThread.pumpEventsForFilter(EventDispatchThread.java:124)
2024-06-16 14:44:45,986 [ERROR] LogOutputStream:74 - [STDERR_REDIRECT] 	at java.desktop/java.awt.EventDispatchThread.pumpEventsForHierarchy(EventDispatchThread.java:113)
2024-06-16 14:44:45,986 [ERROR] LogOutputStream:74 - [STDERR_REDIRECT] 	at java.desktop/java.awt.EventDispatchThread.pumpEvents(EventDispatchThread.java:109)
2024-06-16 14:44:45,986 [ERROR] LogOutputStream:74 - [STDERR_REDIRECT] 	at java.desktop/java.awt.EventDispatchThread.pumpEvents(EventDispatchThread.java:101)
2024-06-16 14:44:45,986 [ERROR] LogOutputStream:74 - [STDERR_REDIRECT] 	at java.desktop/java.awt.EventDispatchThread.run(EventDispatchThread.java:90)
2024-06-16 14:45:06,527 [WARN] IP:2112 - I2C1Enable not found: check if there is a RefParameter without a condition.
2024-06-16 14:45:06,529 [WARN] IP:2112 - EnableHSERTCDevisor not found: check if there is a RefParameter without a condition.
2024-06-16 14:48:39,523 [INFO] UtilMem:74 - End SaveConfig() Used Memory: 668975976 Bytes (1073741824)
2024-06-16 14:48:42,887 [INFO] UtilMem:74 - End SaveConfig() Used Memory: 760147632 Bytes (1073741824)
2024-06-16 14:49:01,305 [ERROR] ConfigurationRetriever:140 - IOException on connection: citools.st.com
2024-06-16 14:49:01,305 [ERROR] ConfigurationRetriever:140 - IOException on connection: citools.st.com
2024-06-16 14:49:01,305 [ERROR] ConfigurationRetriever:140 - IOException on connection: citools.st.com
2024-06-16 14:49:08,380 [ERROR] RtosPanel:557 - Can not restore the selected Tab for FREERTOS(A reason can be that the tab is no more available.)
2024-06-16 14:49:16,243 [INFO] UtilMem:74 - End SaveConfig() Used Memory: 888014688 Bytes (1073741824)
2024-06-16 14:49:16,776 [INFO] BlockDiagram:2759 - set Specific Code input for plugin: NVIC
2024-06-16 14:49:16,776 [INFO] BlockDiagram:2759 - set Specific Code input for plugin: FREERTOS
2024-06-16 14:49:16,776 [INFO] BlockDiagram:2759 - set Specific Code input for plugin: USART
2024-06-16 14:49:16,776 [INFO] BlockDiagram:2759 - set Specific Code input for plugin: SYS
2024-06-16 14:49:16,776 [INFO] BlockDiagram:2759 - set Specific Code input for plugin: GPIO
2024-06-16 14:49:16,776 [INFO] BlockDiagram:2759 - set Specific Code input for plugin: RCC
2024-06-16 14:49:16,792 [INFO] CodeGenerator:692 - code generatio: config db path: C:\ST\STM32CubeIDE_1.11.2\STM32CubeIDE\plugins\com.st.stm32cube.common.mx_6.7.0.202301130839\\db\
2024-06-16 14:49:17,028 [INFO] CodeEngine:247 - oldGeneratedFile, B:\stm32f302 projects\stm32f302 freeRtos workspace\F3_task_queues\MXTmpFiles\license.tmp_save
2024-06-16 14:49:17,294 [INFO] CodeEngine:271 - Generated code: B:\stm32f302 projects\stm32f302 freeRtos workspace\F3_task_queues\MXTmpFiles\license.tmp
2024-06-16 14:49:17,325 [INFO] CodeEngine:247 - oldGeneratedFile, B:\stm32f302 projects\stm32f302 freeRtos workspace\F3_task_queues\MXTmpFiles\gpio.tmp_save
2024-06-16 14:49:17,576 [INFO] CodeEngine:271 - Generated code: B:\stm32f302 projects\stm32f302 freeRtos workspace\F3_task_queues\MXTmpFiles\gpio.tmp
2024-06-16 14:49:17,763 [INFO] Middleware:1435 - No code input for Bsp Dependency
2024-06-16 14:49:17,841 [INFO] CodeEngine:247 - oldGeneratedFile, B:\stm32f302 projects\stm32f302 freeRtos workspace\F3_task_queues\MXTmpFiles\rtos_inc.tmp_save
2024-06-16 14:49:18,140 [INFO] CodeEngine:271 - Generated code: B:\stm32f302 projects\stm32f302 freeRtos workspace\F3_task_queues\MXTmpFiles\rtos_inc.tmp
2024-06-16 14:49:18,156 [INFO] CodeEngine:247 - oldGeneratedFile, B:\stm32f302 projects\stm32f302 freeRtos workspace\F3_task_queues\MXTmpFiles\rtos_vars.tmp_save
2024-06-16 14:49:18,298 [INFO] CodeEngine:271 - Generated code: B:\stm32f302 projects\stm32f302 freeRtos workspace\F3_task_queues\MXTmpFiles\rtos_vars.tmp
2024-06-16 14:49:18,298 [INFO] CodeEngine:247 - oldGeneratedFile, B:\stm32f302 projects\stm32f302 freeRtos workspace\F3_task_queues\MXTmpFiles\rtos_pfp.tmp_save
2024-06-16 14:49:18,378 [INFO] CodeEngine:271 - Generated code: B:\stm32f302 projects\stm32f302 freeRtos workspace\F3_task_queues\MXTmpFiles\rtos_pfp.tmp
2024-06-16 14:49:18,378 [INFO] CodeEngine:247 - oldGeneratedFile, B:\stm32f302 projects\stm32f302 freeRtos workspace\F3_task_queues\MXTmpFiles\rtos_obj_creat.tmp_save
2024-06-16 14:49:18,536 [INFO] CodeEngine:271 - Generated code: B:\stm32f302 projects\stm32f302 freeRtos workspace\F3_task_queues\MXTmpFiles\rtos_obj_creat.tmp
2024-06-16 14:49:18,552 [INFO] CodeEngine:247 - oldGeneratedFile, B:\stm32f302 projects\stm32f302 freeRtos workspace\F3_task_queues\MXTmpFiles\rtos_kernelStart.tmp_save
2024-06-16 14:49:18,648 [INFO] CodeEngine:271 - Generated code: B:\stm32f302 projects\stm32f302 freeRtos workspace\F3_task_queues\MXTmpFiles\rtos_kernelStart.tmp
2024-06-16 14:49:18,648 [INFO] CodeEngine:247 - oldGeneratedFile, B:\stm32f302 projects\stm32f302 freeRtos workspace\F3_task_queues\MXTmpFiles\rtos_default_thread.tmp_save
2024-06-16 14:49:18,726 [INFO] CodeEngine:271 - Generated code: B:\stm32f302 projects\stm32f302 freeRtos workspace\F3_task_queues\MXTmpFiles\rtos_default_thread.tmp
2024-06-16 14:49:18,726 [INFO] CodeEngine:247 - oldGeneratedFile, B:\stm32f302 projects\stm32f302 freeRtos workspace\F3_task_queues\MXTmpFiles\rtos_threads.tmp_save
2024-06-16 14:49:18,791 [INFO] CodeEngine:271 - Generated code: B:\stm32f302 projects\stm32f302 freeRtos workspace\F3_task_queues\MXTmpFiles\rtos_threads.tmp
2024-06-16 14:49:18,807 [INFO] Middleware:1435 - No code input for Bsp Dependency
2024-06-16 14:49:18,807 [INFO] CodeEngine:247 - oldGeneratedFile, B:\stm32f302 projects\stm32f302 freeRtos workspace\F3_task_queues\MXTmpFiles\rtos_inc.tmp_save
2024-06-16 14:49:18,870 [INFO] CodeEngine:271 - Generated code: B:\stm32f302 projects\stm32f302 freeRtos workspace\F3_task_queues\MXTmpFiles\rtos_inc.tmp
2024-06-16 14:49:18,886 [INFO] CodeEngine:247 - oldGeneratedFile, B:\stm32f302 projects\stm32f302 freeRtos workspace\F3_task_queues\MXTmpFiles\rtos_vars.tmp_save
2024-06-16 14:49:18,934 [INFO] CodeEngine:271 - Generated code: B:\stm32f302 projects\stm32f302 freeRtos workspace\F3_task_queues\MXTmpFiles\rtos_vars.tmp
2024-06-16 14:49:18,934 [INFO] CodeEngine:247 - oldGeneratedFile, B:\stm32f302 projects\stm32f302 freeRtos workspace\F3_task_queues\MXTmpFiles\rtos_pfp.tmp_save
2024-06-16 14:49:18,982 [INFO] CodeEngine:271 - Generated code: B:\stm32f302 projects\stm32f302 freeRtos workspace\F3_task_queues\MXTmpFiles\rtos_pfp.tmp
2024-06-16 14:49:18,998 [INFO] CodeEngine:247 - oldGeneratedFile, B:\stm32f302 projects\stm32f302 freeRtos workspace\F3_task_queues\MXTmpFiles\rtos_obj_creat.tmp_save
2024-06-16 14:49:19,290 [INFO] CodeEngine:271 - Generated code: B:\stm32f302 projects\stm32f302 freeRtos workspace\F3_task_queues\MXTmpFiles\rtos_obj_creat.tmp
2024-06-16 14:49:19,306 [INFO] CodeEngine:247 - oldGeneratedFile, B:\stm32f302 projects\stm32f302 freeRtos workspace\F3_task_queues\MXTmpFiles\rtos_kernelStart.tmp_save
2024-06-16 14:49:19,350 [INFO] CodeEngine:271 - Generated code: B:\stm32f302 projects\stm32f302 freeRtos workspace\F3_task_queues\MXTmpFiles\rtos_kernelStart.tmp
2024-06-16 14:49:19,357 [INFO] CodeEngine:247 - oldGeneratedFile, B:\stm32f302 projects\stm32f302 freeRtos workspace\F3_task_queues\MXTmpFiles\rtos_default_thread.tmp_save
2024-06-16 14:49:19,511 [INFO] CodeEngine:271 - Generated code: B:\stm32f302 projects\stm32f302 freeRtos workspace\F3_task_queues\MXTmpFiles\rtos_default_thread.tmp
2024-06-16 14:49:19,519 [INFO] CodeEngine:247 - oldGeneratedFile, B:\stm32f302 projects\stm32f302 freeRtos workspace\F3_task_queues\MXTmpFiles\rtos_threads.tmp_save
2024-06-16 14:49:19,930 [INFO] CodeEngine:271 - Generated code: B:\stm32f302 projects\stm32f302 freeRtos workspace\F3_task_queues\MXTmpFiles\rtos_threads.tmp
2024-06-16 14:49:19,952 [INFO] CodeEngine:247 - oldGeneratedFile, B:\stm32f302 projects\stm32f302 freeRtos workspace\F3_task_queues\Core\Inc\FreeRTOSConfig.h_save
2024-06-16 14:49:20,092 [INFO] CodeEngine:271 - Generated code: B:\stm32f302 projects\stm32f302 freeRtos workspace\F3_task_queues\Core\Inc\FreeRTOSConfig.h
2024-06-16 14:49:20,109 [INFO] CodeEngine:247 - oldGeneratedFile, B:\stm32f302 projects\stm32f302 freeRtos workspace\F3_task_queues\Core\Src\freertos.c_save
2024-06-16 14:49:20,217 [INFO] CodeEngine:271 - Generated code: B:\stm32f302 projects\stm32f302 freeRtos workspace\F3_task_queues\Core\Src\freertos.c
2024-06-16 14:49:20,245 [INFO] CodeEngine:247 - oldGeneratedFile, B:\stm32f302 projects\stm32f302 freeRtos workspace\F3_task_queues\Core\Src\stm32f3xx_it.c_save
2024-06-16 14:49:20,491 [INFO] CodeEngine:271 - Generated code: B:\stm32f302 projects\stm32f302 freeRtos workspace\F3_task_queues\Core\Src\stm32f3xx_it.c
2024-06-16 14:49:20,500 [INFO] CodeEngine:247 - oldGeneratedFile, B:\stm32f302 projects\stm32f302 freeRtos workspace\F3_task_queues\Core\Inc\stm32f3xx_it.h_save
2024-06-16 14:49:20,609 [INFO] CodeEngine:271 - Generated code: B:\stm32f302 projects\stm32f302 freeRtos workspace\F3_task_queues\Core\Inc\stm32f3xx_it.h
2024-06-16 14:49:20,645 [INFO] CodeEngine:247 - oldGeneratedFile, B:\stm32f302 projects\stm32f302 freeRtos workspace\F3_task_queues\Core\Src\stm32f3xx_hal_msp.c_save
2024-06-16 14:49:20,809 [INFO] CodeEngine:271 - Generated code: B:\stm32f302 projects\stm32f302 freeRtos workspace\F3_task_queues\Core\Src\stm32f3xx_hal_msp.c
2024-06-16 14:49:20,809 [INFO] CodeEngine:247 - oldGeneratedFile, B:\stm32f302 projects\stm32f302 freeRtos workspace\F3_task_queues\MXTmpFiles\system.tmp_save
2024-06-16 14:49:20,879 [INFO] CodeEngine:271 - Generated code: B:\stm32f302 projects\stm32f302 freeRtos workspace\F3_task_queues\MXTmpFiles\system.tmp
2024-06-16 14:49:20,895 [INFO] CodeEngine:247 - oldGeneratedFile, B:\stm32f302 projects\stm32f302 freeRtos workspace\F3_task_queues\Core\Src\stm32f3xx_hal_timebase_tim.c_save
2024-06-16 14:49:20,990 [INFO] CodeEngine:271 - Generated code: B:\stm32f302 projects\stm32f302 freeRtos workspace\F3_task_queues\Core\Src\stm32f3xx_hal_timebase_tim.c
2024-06-16 14:49:21,014 [INFO] CodeEngine:303 - oldGeneratedFile, B:\stm32f302 projects\stm32f302 freeRtos workspace\F3_task_queues\Core\Inc\stm32f3xx_hal_conf.h_save
2024-06-16 14:49:21,161 [INFO] CodeEngine:327 - Generated code: B:\stm32f302 projects\stm32f302 freeRtos workspace\F3_task_queues\Core\Inc\stm32f3xx_hal_conf.h
2024-06-16 14:49:21,240 [INFO] CodeEngine:247 - oldGeneratedFile, B:\stm32f302 projects\stm32f302 freeRtos workspace\F3_task_queues\Core\Inc\main.h_save
2024-06-16 14:49:21,379 [INFO] CodeEngine:271 - Generated code: B:\stm32f302 projects\stm32f302 freeRtos workspace\F3_task_queues\Core\Inc\main.h
2024-06-16 14:49:21,395 [INFO] CodeEngine:247 - oldGeneratedFile, B:\stm32f302 projects\stm32f302 freeRtos workspace\F3_task_queues\Core\Src\main.c_save
2024-06-16 14:49:21,570 [INFO] CodeEngine:271 - Generated code: B:\stm32f302 projects\stm32f302 freeRtos workspace\F3_task_queues\Core\Src\main.c
2024-06-16 14:49:22,360 [INFO] ProjectBuilder:2919 - Time for Copy HAL[1] : 257mS.
2024-06-16 14:49:22,360 [INFO] ProjectBuilder:4183 - Project Generator version: 3.18.0-B7
2024-06-16 14:49:22,755 [INFO] ConfigFileManager:1396 - The Die is : DIE439
2024-06-16 14:49:25,773 [INFO] ProjectBuilder:4351 - Time for Generating toolchain IDE Files: 3413mS.
2024-06-16 14:49:25,774 [INFO] ProjectBuilder:2790 - Time for Copy CMSIS : 0mS.
2024-06-16 14:49:25,779 [INFO] ProjectBuilder:2790 - Time for Copy CMSIS : 1mS.
2024-06-16 14:49:26,000 [ERROR] ConfigurationRetriever:140 - IOException on connection: citools.st.com
2024-06-16 14:49:26,000 [ERROR] ConfigurationRetriever:140 - IOException on connection: citools.st.com
2024-06-16 14:49:26,000 [ERROR] ConfigurationRetriever:140 - IOException on connection: citools.st.com
2024-06-16 15:34:36,883 [INFO] MainUpdater:2800 - connection check result : 10
2024-06-16 15:34:36,946 [INFO] McuFinderGlobals:65 - Set McuFinderConnectedMode to true
2024-06-16 15:34:36,955 [INFO] MultiScanPanel:196 - Auto-refresh data requested => check proxy status ongoing
2024-06-16 15:34:36,955 [INFO] FinderPluginLoader:92 - Searching for filters in installed packs
2024-06-16 15:34:37,795 [INFO] LoadUrlFilesThread:179 - End of LoadServerUrlFiles without Thread
2024-06-16 15:34:37,795 [INFO] DetailPanel:339 - Set advertising image to C:/Users/rahul/STM32Cube/Repository/\en.prom-stm32h7rs-mcu-finder.jpg
2024-06-16 15:34:41,031 [INFO] MultiScanPanel:196 - Auto-refresh data requested => check proxy status ongoing
2024-06-16 15:34:41,062 [INFO] LoadUrlFilesThread:179 - End of LoadServerUrlFiles without Thread
2024-06-16 15:34:41,062 [INFO] DetailPanel:339 - Set advertising image to C:/Users/rahul/STM32Cube/Repository/\en.prom-stm32h7rs-mcu-finder.jpg
2024-06-16 15:34:53,737 [INFO] MainUpdater:2800 - connection check result : 10
2024-06-16 15:34:53,737 [INFO] MainUpdater:2800 - connection check result : 10
2024-06-16 15:34:53,894 [INFO] MicroXplorer:451 - Change Database Path : 
2024-06-16 15:34:53,894 [INFO] MicroXplorer:481 - Change Database Version : DB.6.0.70
2024-06-16 15:34:53,910 [WARN] ThirdParty:845 - waiting for thirdparty lock release [close project]
2024-06-16 15:34:53,910 [INFO] ThirdParty:847 - entering critical section [close project]
2024-06-16 15:34:53,910 [INFO] ThirdParty:857 - exiting critical section [close project]
2024-06-16 15:34:53,925 [INFO] PinOutPanel:1477 - setPackage(No Configuration,No Configuration)
2024-06-16 15:34:53,925 [INFO] UtilMem:74 - Begin LoadConfig() Used Memory: 788622888 Bytes (1073741824)
2024-06-16 15:34:53,925 [INFO] OpenFileManager:307 - Change cursor
2024-06-16 15:34:53,941 [INFO] RulesReader:61 - Compatibility file has been processed (283 Rules)
2024-06-16 15:34:53,957 [INFO] ProjectFactory:399 - No CPN specified for board NUCLEO-F302R8 => set CPN to STM32F302R8T6
2024-06-16 15:34:53,957 [INFO] Mcu:1925 - Initializing MCU STM32F302R(6-8)Tx STM32F302R8Tx STM32F302R8T6
2024-06-16 15:34:54,825 [INFO] Context:654 - Trying to add GPIOservice into a context  which must be forbidden
2024-06-16 15:34:55,059 [INFO] Rule:225 - rule 117617 - U5Cobra4M][GTZC] default value MPCBB3 and MPCBB5 - Not Secured memory - MPCBB1 is applicable
2024-06-16 15:34:55,059 [INFO] Rule:225 - rule 117617 - U5Cobra4M][GTZC] default value MPCBB3 and MPCBB5 - Not Secured memory - MPCBB1 is applicable
2024-06-16 15:34:55,059 [INFO] Rule:225 - rule 117617 - U5Cobra4M][GTZC] default value MPCBB3 and MPCBB5 - Not Secured memory - MPCBB2 is applicable
2024-06-16 15:34:55,059 [INFO] Rule:225 - rule 117617 - U5Cobra4M][GTZC] default value MPCBB3 and MPCBB5 - Not Secured memory - MPCBB2 is applicable
2024-06-16 15:34:55,059 [INFO] Rule:225 - rule 117617 - U5Cobra4M][GTZC] default value MPCBB3 and MPCBB5 - Not Secured memory - MPCBB3 is applicable
2024-06-16 15:34:55,059 [INFO] Rule:225 - rule 117617 - U5Cobra4M][GTZC] default value MPCBB3 and MPCBB5 - Not Secured memory - MPCBB3 is applicable
2024-06-16 15:34:55,059 [INFO] Rule:225 - rule 117617 - U5Cobra4M][GTZC] default value MPCBB3 and MPCBB5 - Not Secured memory - MPCBB4 is applicable
2024-06-16 15:34:55,059 [INFO] Rule:225 - rule 117617 - U5Cobra4M][GTZC] default value MPCBB3 and MPCBB5 - Not Secured memory - MPCBB4 is applicable
2024-06-16 15:34:55,059 [INFO] Rule:225 - rule 117617 - U5Cobra4M][GTZC] default value MPCBB3 and MPCBB5 - Secured memory - MPCBB1 is applicable
2024-06-16 15:34:55,059 [INFO] Rule:225 - rule 117617 - U5Cobra4M][GTZC] default value MPCBB3 and MPCBB5 - Secured memory - MPCBB2 is applicable
2024-06-16 15:34:55,059 [INFO] Rule:225 - rule 117617 - U5Cobra4M][GTZC] default value MPCBB3 and MPCBB5 - Secured memory - MPCBB3 is applicable
2024-06-16 15:34:55,059 [INFO] Rule:225 - rule 117617 - U5Cobra4M][GTZC] default value MPCBB3 and MPCBB5 - Secured memory - MPCBB4 is applicable
2024-06-16 15:34:55,059 [INFO] Rule:225 - rule 117617 - U5Cobra4M][GTZC] default value MPCBB3 and MPCBB5 - Privileged memory - MPCBB1 is applicable
2024-06-16 15:34:55,059 [INFO] Rule:225 - rule 117617 - U5Cobra4M][GTZC] default value MPCBB3 and MPCBB5 - Privileged memory - MPCBB2 is applicable
2024-06-16 15:34:55,059 [INFO] Rule:225 - rule 117617 - U5Cobra4M][GTZC] default value MPCBB3 and MPCBB5 - Privileged memory - MPCBB3 is applicable
2024-06-16 15:34:55,059 [INFO] Rule:225 - rule 117617 - U5Cobra4M][GTZC] default value MPCBB3 and MPCBB5 - Privileged memory - MPCBB4 is applicable
2024-06-16 15:34:55,059 [INFO] Rule:225 - rule 117617 - U5Cobra4M][GTZC] default value MPCBB3 and MPCBB5 - Not Privileged memory - MPCBB1 is applicable
2024-06-16 15:34:55,059 [INFO] Rule:225 - rule 117617 - U5Cobra4M][GTZC] default value MPCBB3 and MPCBB5 - Not Privileged memory - MPCBB2 is applicable
2024-06-16 15:34:55,059 [INFO] Rule:225 - rule 117617 - U5Cobra4M][GTZC] default value MPCBB3 and MPCBB5 - Not Privileged memory - MPCBB3 is applicable
2024-06-16 15:34:55,059 [INFO] Rule:225 - rule 117617 - U5Cobra4M][GTZC] default value MPCBB3 and MPCBB5 - Not Privileged memory - MPCBB4 is applicable
2024-06-16 15:34:55,059 [INFO] Rule:225 - rule 117617 - U5Cobra4M][GTZC] default value MPCBB3 and MPCBB5 - Privileged memory - MPCBB1 is applicable
2024-06-16 15:34:55,059 [INFO] Rule:225 - rule 117617 - U5Cobra4M][GTZC] default value MPCBB3 and MPCBB5 - Privileged memory - MPCBB2 is applicable
2024-06-16 15:34:55,059 [INFO] Rule:225 - rule 117617 - U5Cobra4M][GTZC] default value MPCBB3 and MPCBB5 - Privileged memory - MPCBB3 is applicable
2024-06-16 15:34:55,059 [INFO] Rule:225 - rule 117617 - U5Cobra4M][GTZC] default value MPCBB3 and MPCBB5 - Privileged memory - MPCBB4 is applicable
2024-06-16 15:34:55,059 [INFO] Rule:225 - rule 117617 - U5Cobra4M][GTZC] default value MPCBB3 and MPCBB5 - Privileged memory - MPCBB1 is applicable
2024-06-16 15:34:55,059 [INFO] Rule:225 - rule 117617 - U5Cobra4M][GTZC] default value MPCBB3 and MPCBB5 - Privileged memory - MPCBB2 is applicable
2024-06-16 15:34:55,059 [INFO] Rule:225 - rule 117617 - U5Cobra4M][GTZC] default value MPCBB3 and MPCBB5 - Privileged memory - MPCBB3 is applicable
2024-06-16 15:34:55,059 [INFO] Rule:225 - rule 117617 - U5Cobra4M][GTZC] default value MPCBB3 and MPCBB5 - Privileged memory - MPCBB4 is applicable
2024-06-16 15:34:55,059 [INFO] Rule:225 - rule 117617 - U5Cobra4M][GTZC] default value MPCBB3 and MPCBB5 - Not Privileged memory - MPCBB1 is applicable
2024-06-16 15:34:55,059 [INFO] Rule:225 - rule 117617 - U5Cobra4M][GTZC] default value MPCBB3 and MPCBB5 - Not Privileged memory - MPCBB2 is applicable
2024-06-16 15:34:55,059 [INFO] Rule:225 - rule 117617 - U5Cobra4M][GTZC] default value MPCBB3 and MPCBB5 - Not Privileged memory - MPCBB3 is applicable
2024-06-16 15:34:55,059 [INFO] Rule:225 - rule 117617 - U5Cobra4M][GTZC] default value MPCBB3 and MPCBB5 - Not Privileged memory - MPCBB4 is applicable
2024-06-16 15:34:55,059 [INFO] Rule:225 - rule 117617 - U5Cobra4M][GTZC] default value MPCBB3 and MPCBB5 - Privileged memory - MPCBB1 is applicable
2024-06-16 15:34:55,059 [INFO] Rule:225 - rule 117617 - U5Cobra4M][GTZC] default value MPCBB3 and MPCBB5 - Privileged memory - MPCBB2 is applicable
2024-06-16 15:34:55,059 [INFO] Rule:225 - rule 117617 - U5Cobra4M][GTZC] default value MPCBB3 and MPCBB5 - Privileged memory - MPCBB3 is applicable
2024-06-16 15:34:55,059 [INFO] Rule:225 - rule 117617 - U5Cobra4M][GTZC] default value MPCBB3 and MPCBB5 - Privileged memory - MPCBB4 is applicable
2024-06-16 15:34:55,059 [INFO] Rule:225 - rule Rename SubGHz_Phy SUBGHZ_APPLICATION SUBGHZ_PINGPONG to SUBGHZ_ADV_APPLICATION is applicable
2024-06-16 15:34:55,059 [INFO] Rule:225 - rule Rename Enabled to IBEACON is applicable
2024-06-16 15:34:55,059 [INFO] Rule:225 - rule GTZC_S instance for project manager is applicable
2024-06-16 15:34:55,059 [INFO] Rule:225 - rule GTZC_S instance for context M33S is applicable
2024-06-16 15:34:55,059 [INFO] Rule:225 - rule GTZC_S instance value for IP GTZC is applicable
2024-06-16 15:34:55,059 [INFO] Rule:225 - rule GTZC_S instance for mcu.IP is applicable
2024-06-16 15:34:55,059 [INFO] Rule:225 - rule GTZC_S instance for VP is applicable
2024-06-16 15:34:55,059 [INFO] Rule:225 - rule GTZC_S instance for signal is applicable
2024-06-16 15:34:55,059 [INFO] Rule:225 - rule GTZC_S instance for mcu.Pin is applicable
2024-06-16 15:34:55,059 [INFO] Rule:225 - rule GTZC_S instance for VP is applicable
2024-06-16 15:34:55,059 [INFO] Rule:225 - rule GTZC_S instance for signal is applicable
2024-06-16 15:34:55,059 [INFO] Rule:225 - rule GTZC_S instance for mcu is applicable
2024-06-16 15:34:55,059 [INFO] Rule:225 - rule GTZC_S instance for mcu.Pin is applicable
2024-06-16 15:34:55,059 [INFO] Rule:225 - rule GTZC_S instance value for IP GTZC is applicable
2024-06-16 15:34:55,059 [INFO] Rule:225 - rule GTZC_S instance for project manager is applicable
2024-06-16 15:34:55,059 [INFO] Rule:225 - rule GTZC_S instance for context M33S is applicable
2024-06-16 15:34:55,059 [INFO] Rule:225 - rule GTZC_S instance for VP is applicable
2024-06-16 15:34:55,059 [INFO] Rule:225 - rule GTZC_S instance for signal is applicable
2024-06-16 15:34:55,059 [INFO] Rule:225 - rule SPDIFRX instance for mcu is applicable
2024-06-16 15:34:55,059 [INFO] Rule:225 - rule Rename Tracer Mode is applicable
2024-06-16 15:34:55,059 [INFO] Rule:225 - rule SPDIFRX instance value for IP SPDIFRX is applicable
2024-06-16 15:34:55,059 [INFO] Rule:225 - rule SPDIFRX instance for signal is applicable
2024-06-16 15:34:55,059 [INFO] Rule:225 - rule SPDIFRX instance for project manager is applicable
2024-06-16 15:34:55,059 [INFO] Rule:225 - rule SPDIFRX instance for project manager is applicable
2024-06-16 15:34:55,059 [INFO] Rule:225 - rule ADC Scan  fix with FW F7 is applicable
2024-06-16 15:34:55,059 [INFO] Rule:225 - rule ADC Scan  fix with FW F7 is applicable
2024-06-16 15:34:55,059 [INFO] Rule:225 - rule Add RTC Activate Clock Source is applicable
2024-06-16 15:34:55,059 [INFO] Rule:225 - rule Add RTC Activate Calendar 1 is applicable
2024-06-16 15:34:55,059 [INFO] Rule:225 - rule Add RTC Activate Calendar 2 is applicable
2024-06-16 15:34:55,059 [INFO] Rule:225 - rule Add RTC Activate Calendar 3 is applicable
2024-06-16 15:34:55,059 [INFO] Rule:225 - rule UART/USART TX Mode is applicable
2024-06-16 15:34:55,059 [INFO] Rule:225 - rule UART/USART RX Mode is applicable
2024-06-16 15:34:55,059 [INFO] Rule:225 - rule UART/USART RX TX Mode is applicable
2024-06-16 15:34:55,059 [INFO] Rule:225 - rule UART/USART PARITY NONE is applicable
2024-06-16 15:34:55,059 [INFO] Rule:225 - rule UART/USART PARITY EVEN is applicable
2024-06-16 15:34:55,059 [INFO] Rule:225 - rule UART/USART PARITY ODD is applicable
2024-06-16 15:34:55,059 [INFO] Rule:225 - rule USART StopBits 1 is applicable
2024-06-16 15:34:55,059 [INFO] Rule:225 - rule USART StopBits 2 is applicable
2024-06-16 15:34:55,059 [INFO] Rule:225 - rule USART StopBits 1.5 is applicable
2024-06-16 15:34:55,059 [INFO] Rule:225 - rule USART StopBits 0.5 is applicable
2024-06-16 15:34:55,059 [INFO] Rule:225 - rule UART/USART WORD LENGTH 7 is applicable
2024-06-16 15:34:55,059 [INFO] Rule:225 - rule UART/USART WORD LENGTH 8 is applicable
2024-06-16 15:34:55,059 [INFO] Rule:225 - rule UART/USART WORD LENGTH 9 is applicable
2024-06-16 15:34:55,059 [INFO] Rule:225 - rule Rename FMC NAND NCE signal is applicable
2024-06-16 15:34:55,059 [INFO] Rule:225 - rule Rename FMC NAND INT signal is applicable
2024-06-16 15:34:55,059 [INFO] Rule:225 - rule Change Default Value for LSE Drive Capability for WB family is applicable
2024-06-16 15:34:55,059 [INFO] Rule:225 - rule Change Default Value for ADC Clock Prescaler G0 family is applicable
2024-06-16 15:34:55,059 [INFO] Rule:225 - rule Change Default Value for ADC ExternalTrigConv L4 family is applicable
2024-06-16 15:34:55,059 [INFO] Rule:225 - rule Change Default Value for ADC ExternalTrigInjecConv L4 family is applicable
2024-06-16 15:34:55,059 [INFO] Rule:225 - rule Change Default Value for ADC ExternalTrigConv F3 family is applicable
2024-06-16 15:34:55,059 [INFO] Rule:225 - rule Change Default Value for ADC ExternalTrigInjecConv F3 family is applicable
2024-06-16 15:34:55,059 [INFO] Rule:225 - rule Change Default Value for ADC ExternalTrigConv Goldfish serie is applicable
2024-06-16 15:34:55,059 [INFO] Rule:225 - rule Change Default Value for ADC ExternalTrigInjecConv Goldfish serie is applicable
2024-06-16 15:34:55,059 [INFO] Rule:225 - rule Change Default Value for ADC ExternalTrigConv L0 family is applicable
2024-06-16 15:34:55,059 [INFO] Rule:225 - rule Change Default Value for ADC ExternalTrigConv F0 family is applicable
2024-06-16 15:34:55,059 [INFO] Rule:225 - rule Change Default Value for ADC ExternalTrigConvn L1 family is applicable
2024-06-16 15:34:55,059 [INFO] Rule:225 - rule Change Default Value for ADC ExternalTrigInjecConv L1 family is applicable
2024-06-16 15:34:55,059 [INFO] Rule:225 - rule Change Default Value for ADC ExternalTrigConv F1 family is applicable
2024-06-16 15:34:55,059 [INFO] Rule:225 - rule Change Default Value for ADC ExternalTrigInjecConv F1 family is applicable
2024-06-16 15:34:55,059 [INFO] Rule:225 - rule Change Default Value for ADC ExternalTrigConv F7 family is applicable
2024-06-16 15:34:55,059 [INFO] Rule:225 - rule Change Default Value for ADC ExternalTrigInjecConv F7 family is applicable
2024-06-16 15:34:55,059 [INFO] Rule:225 - rule Change Default Value for ADC ExternalTrigConv F4 and F2 family is applicable
2024-06-16 15:34:55,059 [INFO] Rule:225 - rule Change Default Value for ADC ExternalTrigInjecConv F4 and F2 family is applicable
2024-06-16 15:34:55,059 [INFO] Rule:225 - rule ADC SamplingTime fix with FW L0  is applicable
2024-06-16 15:34:55,059 [INFO] Rule:225 - rule ADC SamplingTime fix with FW L0  is applicable
2024-06-16 15:34:55,059 [INFO] Rule:225 - rule ADC SamplingTime fix with FW L0 is applicable
2024-06-16 15:34:55,059 [INFO] Rule:225 - rule ADC SamplingTime fix with FW L0 is applicable
2024-06-16 15:34:55,059 [INFO] Rule:225 - rule ADC SamplingTime fix with FW L0  is applicable
2024-06-16 15:34:55,059 [INFO] Rule:225 - rule ADC SamplingTime fix with FW L0 is applicable
2024-06-16 15:34:55,059 [INFO] Rule:225 - rule Rename USB_OE Signal is applicable
2024-06-16 15:34:55,059 [INFO] Rule:225 - rule Rename Activate_OE Mode is applicable
2024-06-16 15:34:55,059 [INFO] Rule:225 - rule Rename DIE462/DIE415 pin PC14/OSC32_IN -> PC14-OSC32_IN (PC14) is applicable
2024-06-16 15:34:55,059 [INFO] Rule:225 - rule Rename DIE462/DIE415 pin PC15/OSC32_OUT -> PC15-OSC32_OUT (PC15) is applicable
2024-06-16 15:34:55,059 [INFO] Rule:225 - rule Rename DIE462/DIE415 pin PH0/OSC_IN -> PH0-OSC_IN (PH0) is applicable
2024-06-16 15:34:55,059 [INFO] Rule:225 - rule Rename DIE462/DIE415 pin PH1/OSC_OUT -> PH1-OSC_OUT (PH1) is applicable
2024-06-16 15:34:55,059 [INFO] Rule:225 - rule Rename DIE462 pin PA13 -> PA13 (JTMS/SWDIO) is applicable
2024-06-16 15:34:55,059 [INFO] Rule:225 - rule Rename DIE415 pin PA13 -> PA13 (JTMS/SWDIO) is applicable
2024-06-16 15:34:55,059 [INFO] Rule:225 - rule Rename DIE462 pin PA14 -> PA14 (JTCK/SWCLK) is applicable
2024-06-16 15:34:55,059 [INFO] Rule:225 - rule Rename DIE415 pin PA14 -> PA14 (JTCK/SWCLK) is applicable
2024-06-16 15:34:55,059 [INFO] Rule:225 - rule Rename DIE462/DIE415 pin PA15 -> PA15 (JTDI) is applicable
2024-06-16 15:34:55,059 [INFO] Rule:225 - rule Rename DIE462 pin PB3 -> PB3 (JTD0/TRACESWO) is applicable
2024-06-16 15:34:55,059 [INFO] Rule:225 - rule Rename DIE415 pin PB3 -> PB3 (JTD0-TRACESWO) is applicable
2024-06-16 15:34:55,059 [INFO] Rule:225 - rule Rename DIE462/DIE415 pin PB4 -> PB4 (NJTRST) is applicable
2024-06-16 15:34:55,059 [INFO] Rule:225 - rule Rename DIE462 pin PH3/BOOT0 -> PH3-BOOT0 (BOOT0) is applicable
2024-06-16 15:34:55,059 [INFO] Rule:225 - rule Rename CRYP DataEncryptionTypesList to Algorithm is applicable
2024-06-16 15:34:55,059 [INFO] Rule:225 - rule Rename AES DataEncryptionTypesList to Algorithm is applicable
2024-06-16 15:34:55,059 [INFO] Rule:225 - rule Rename TDESECB to CRYP_TDES_ECB is applicable
2024-06-16 15:34:55,059 [INFO] Rule:225 - rule Rename TDESCBC to CRYP_TDES_CBC is applicable
2024-06-16 15:34:55,059 [INFO] Rule:225 - rule Rename DESECB to CRYP_DES_ECB is applicable
2024-06-16 15:34:55,059 [INFO] Rule:225 - rule Rename DESCBC to CRYP_DES_CBC is applicable
2024-06-16 15:34:55,075 [INFO] Rule:225 - rule Rename AESECB to CRYP_AES_ECB is applicable
2024-06-16 15:34:55,075 [INFO] Rule:225 - rule Rename AESCBC to CRYP_AES_CBC is applicable
2024-06-16 15:34:55,075 [INFO] Rule:225 - rule Rename AESCTR to CRYP_AES_CTR is applicable
2024-06-16 15:34:55,075 [INFO] Rule:225 - rule Rename AESGCM to CRYP_AES_GCM is applicable
2024-06-16 15:34:55,075 [INFO] Rule:225 - rule Rename AESCCM to CRYP_AES_CCM is applicable
2024-06-16 15:34:55,075 [INFO] Rule:225 - rule Rename CAN TimeSeg1 to BS1 is applicable
2024-06-16 15:34:55,075 [INFO] Rule:225 - rule Rename CAN TimeSeg2 to BS2 is applicable
2024-06-16 15:34:55,075 [INFO] Rule:225 - rule Rename CAN SyncJumpWidth to SJW is applicable
2024-06-16 15:34:55,075 [INFO] Rule:225 - rule TimeTriggeredMode to TTCM is applicable
2024-06-16 15:34:55,075 [INFO] Rule:225 - rule Rename CAN AutoBusOff to ABOM is applicable
2024-06-16 15:34:55,075 [INFO] Rule:225 - rule Rename CAN AutoWakeUp to AWUM is applicable
2024-06-16 15:34:55,075 [INFO] Rule:225 - rule Rename CAN AutoRetransmission to NART is applicable
2024-06-16 15:34:55,075 [INFO] Rule:225 - rule Rename CAN ReceiveFifoLocked to RFLM is applicable
2024-06-16 15:34:55,075 [INFO] Rule:225 - rule Rename CAN TransmitFifoPriority to TXFP is applicable
2024-06-16 15:34:55,075 [INFO] Rule:225 - rule Rename HRTIMER HRTIM_OUTPUTFAULTLEVEL_HIGH in HRTIMER HRTIM_OUTPUTFAULTLEVEL_HIGHZ is applicable
2024-06-16 15:34:55,075 [INFO] Rule:225 - rule Rename TIMER TIM_CLEARINPUTSOURCE_OCREFCLR in  TIMER TIM_CLEARINPUTSOURCE_NONE for F7 family is applicable
2024-06-16 15:34:55,075 [INFO] Rule:225 - rule FDCAN_R1 - Rename FDCAN mode Master into Classic is applicable
2024-06-16 15:34:55,075 [INFO] Rule:225 - rule FDCAN_R2 - Rename FDCAN mode Slave into Classic is applicable
2024-06-16 15:34:55,075 [INFO] Rule:225 - rule FDCAN1_R3 - if PA10.Mode=FullDuplex, add Pin PA12 is applicable
2024-06-16 15:34:55,075 [INFO] Rule:225 - rule FDCAN1_R3 - if PA9.Mode=FullDuplex, add Pin PA11 is applicable
2024-06-16 15:34:55,075 [INFO] Rule:225 - rule FDCAN1_R3 - Alternatepin_1 - if PE1.Mode=FullDuplex, add Pin PB9 is applicable
2024-06-16 15:34:55,075 [INFO] Rule:225 - rule FDCAN1_R3 - Alternatepin_1 - if PE0.Mode=FullDuplex, add Pin PB8 is applicable
2024-06-16 15:34:55,075 [INFO] Rule:225 - rule FDCAN1_R3 - Alternatepin_2 - if PD5.Mode=FullDuplex, add Pin PD1 is applicable
2024-06-16 15:34:55,075 [INFO] Rule:225 - rule FDCAN1_R3 - Alternatepin_2 - if PD4.Mode=FullDuplex, add Pin PD0 is applicable
2024-06-16 15:34:55,075 [INFO] Rule:225 - rule FDCAN1_R4 - Rename Mode FullDuplex into Enable FDCAN_TXFD for pin PA10 is applicable
2024-06-16 15:34:55,075 [INFO] Rule:225 - rule FDCAN1_R4 - Rename Mode FullDuplex into Enable FDCAN_TXFD for pin PA9 is applicable
2024-06-16 15:34:55,075 [INFO] Rule:225 - rule FDCAN1_R4 - Alternatepin_1 - Rename Mode FullDuplex into Enable FDCAN_TXFD for pin PE1 is applicable
2024-06-16 15:34:55,075 [INFO] Rule:225 - rule FDCAN1_R4 - Alternatepin_1 - Rename Mode FullDuplex into Enable FDCAN_TXFD for pin PE0 is applicable
2024-06-16 15:34:55,075 [INFO] Rule:225 - rule FDCAN1_R4 - Alternatepin_2 - Rename Mode FullDuplex into Enable FDCAN_TXFD for pin PD5 is applicable
2024-06-16 15:34:55,075 [INFO] Rule:225 - rule FDCAN1_R4 - Alternatepin_2 - Rename Mode FullDuplex into Enable FDCAN_TXFD for pin PD4 is applicable
2024-06-16 15:34:55,075 [INFO] Rule:225 - rule FDCAN2_R3 - if PD10.Mode=FullDuplex, add Pin PB13 is applicable
2024-06-16 15:34:55,075 [INFO] Rule:225 - rule FDCAN2_R3 - if PD9.Mode=FullDuplex, add Pin PB12 is applicable
2024-06-16 15:34:55,075 [INFO] Rule:225 - rule FDCAN2_R3 - Alternatepin_1 - if PB7.Mode=FullDuplex, add Pin PB6 is applicable
2024-06-16 15:34:55,075 [INFO] Rule:225 - rule FDCAN2_R3 - Alternatepin_1 - if PD9.Mode=FullDuplex, add Pin PB12 is applicable
2024-06-16 15:34:55,075 [INFO] Rule:225 - rule FDCAN2_R4 - Rename Mode FullDuplex into Enable FDCAN_TXFD for pin PD10 is applicable
2024-06-16 15:34:55,075 [INFO] Rule:225 - rule FDCAN2_R4 - Rename Mode FullDuplex into Enable FDCAN_TXFD for pin PD9 is applicable
2024-06-16 15:34:55,075 [INFO] Rule:225 - rule FDCAN2_R4 - Alternatepin_1 - Rename Mode FullDuplex into Enable FDCAN_TXFD for pin PB7 is applicable
2024-06-16 15:34:55,075 [INFO] Rule:225 - rule FDCAN2_R4 - Alternatepin_1 - Rename Mode FullDuplex into Enable FDCAN_TXFD for pin PD6 is applicable
2024-06-16 15:34:55,075 [INFO] Rule:225 - rule USART TxPinLevelInvertParam Mode is applicable
2024-06-16 15:34:55,075 [INFO] Rule:225 - rule USART RxPinLevelInvertParam Mode is applicable
2024-06-16 15:34:55,075 [INFO] Rule:225 - rule USART DataInvertParam Mode is applicable
2024-06-16 15:34:55,075 [INFO] Rule:225 - rule USART SwapParam Mode is applicable
2024-06-16 15:34:55,075 [INFO] Rule:225 - rule USART OverrunDisableParam Mode is applicable
2024-06-16 15:34:55,075 [INFO] Rule:225 - rule USART DMADisableonRxErrorParam Mode is applicable
2024-06-16 15:34:55,075 [INFO] Rule:225 - rule USART MSBFirstParam Mode is applicable
2024-06-16 15:34:55,075 [INFO] Rule:225 - rule Update MwName for USB_DEVICE is applicable
2024-06-16 15:34:55,075 [INFO] Rule:225 - rule Change PWR_Regulator_Voltage_Scale Default Value for RCC  H7 family is applicable
2024-06-16 15:34:55,075 [INFO] Rule:225 - rule UART/USART IPParameter rename Prescaler parameter to ClockPrescaler is applicable
2024-06-16 15:34:55,075 [INFO] Rule:225 - rule UART/USART Prescaler rename Prescaler parameter to ClockPrescaler is applicable
2024-06-16 15:34:55,075 [INFO] Rule:225 - rule TIM1CLockSelection is applicable
2024-06-16 15:34:55,075 [INFO] Rule:225 - rule TIM15CLockSelection is applicable
2024-06-16 15:34:55,075 [INFO] Rule:225 - rule align RCC SDMMC3CLockSelection default value on MP1 is applicable
2024-06-16 15:34:55,075 [INFO] Rule:225 - rule align RCC SDMMC12CLockSelection default value on MP1 is applicable
2024-06-16 15:34:55,075 [INFO] Rule:225 - rule align RCC QSPICLockSelection default value on MP1 is applicable
2024-06-16 15:34:55,075 [INFO] Rule:225 - rule align RCC QSPICLockSelection default value on MP1 is applicable
2024-06-16 15:34:55,075 [INFO] Rule:225 - rule align RCC SPI6CLockSelection default value on MP1 is applicable
2024-06-16 15:34:55,075 [INFO] Rule:225 - rule align RCC LPTIM23CLockSelection default value on MP1 is applicable
2024-06-16 15:34:55,075 [INFO] Rule:225 - rule align RCC LPTIM1CLockSelection default value on MP1 is applicable
2024-06-16 15:34:55,075 [INFO] Rule:225 - rule align RCC USART1CLockSelection default value on MP1 is applicable
2024-06-16 15:34:55,075 [INFO] Rule:225 - rule align RCC USART24CLockSelection default value on MP1 is applicable
2024-06-16 15:34:55,075 [INFO] Rule:225 - rule align RCC USART6CLockSelection default value on MP1 is applicable
2024-06-16 15:34:55,075 [INFO] Rule:225 - rule align RCC UART78CLockSelection default value on MP1 is applicable
2024-06-16 15:34:55,075 [INFO] Rule:225 - rule align RCC USART35CLockSelection default value on MP1 is applicable
2024-06-16 15:34:55,075 [INFO] Rule:225 - rule align RCC SPI45CLockSelection default value on MP1 is applicable
2024-06-16 15:34:55,075 [INFO] Rule:225 - rule align RCC I2C46CLockSelection BCLK value on MP1 is applicable
2024-06-16 15:34:55,075 [INFO] Rule:225 - rule align RCC SPI45CLockSelection default value on MP1 is applicable
2024-06-16 15:34:55,075 [INFO] Rule:225 - rule align RCC I2C12CLockSelection default value on MP1 is applicable
2024-06-16 15:34:55,075 [INFO] Rule:225 - rule align RCC I2C35CLockSelection default value on MP1 is applicable
2024-06-16 15:34:55,075 [INFO] Rule:225 - rule align RCC LPTIM45CLockSelection default value on MP1 is applicable
2024-06-16 15:34:55,075 [INFO] Rule:225 - rule Rename DCMI PIXCK signal is applicable
2024-06-16 15:34:55,075 [INFO] Rule:225 - rule Change Default Value for I2C46CLockSelection MP1 family is applicable
2024-06-16 15:34:55,075 [INFO] Rule:225 - rule Change Default Value for UART for G4, G0 and WB families is applicable
2024-06-16 15:34:55,075 [INFO] Rule:225 - rule Change Default Value for USART for G4, G0 and WB families is applicable
2024-06-16 15:34:55,075 [INFO] Rule:225 - rule Change Default Value for USART for G4 family is applicable
2024-06-16 15:34:55,075 [INFO] Rule:225 - rule Change USART1CLockSelection refparam name for MP1 is applicable
2024-06-16 15:34:55,075 [INFO] Rule:225 - rule Change USART2CLockSelection refparam name for MP1 is applicable
2024-06-16 15:34:55,075 [INFO] Rule:225 - rule Change USART3CLockSelection refparam name for MP1 is applicable
2024-06-16 15:34:55,075 [INFO] Rule:225 - rule Change UART4CLockSelection refparam name for MP1 is applicable
2024-06-16 15:34:55,075 [INFO] Rule:225 - rule Change UART5CLockSelection refparam name for MP1 is applicable
2024-06-16 15:34:55,075 [INFO] Rule:225 - rule Change LPUART1CLockSelection refparam name for MP1 is applicable
2024-06-16 15:34:55,075 [INFO] Rule:225 - rule Change LPTIM1CLockSelection refparam name for MP1 is applicable
2024-06-16 15:34:55,075 [INFO] Rule:225 - rule Change LPTIM2CLockSelection refparam name for MP1 is applicable
2024-06-16 15:34:55,075 [INFO] Rule:225 - rule Change RCC_MCO1Source refparam name for MP1 is applicable
2024-06-16 15:34:55,075 [INFO] Rule:225 - rule Change LSCOSource1 refparam name for MP1 is applicable
2024-06-16 15:34:55,075 [INFO] Rule:225 - rule Change SMPSCLockSelection refparam name for MP1 is applicable
2024-06-16 15:34:55,075 [INFO] Rule:225 - rule Change LPTIM3CLockSelection refparam name for MP1 is applicable
2024-06-16 15:34:55,075 [INFO] Rule:225 - rule Change MPCBB* Default Template Mode to Parameters is applicable
2024-06-16 15:34:55,075 [INFO] Rule:225 - rule Change MPCWM* or MPCBB* Secure Mode to Parameters is applicable
2024-06-16 15:34:55,075 [INFO] Rule:225 - rule Change MPCWM* or MPCBB* No Secure Mode to Parameters is applicable
2024-06-16 15:34:55,075 [INFO] Rule:225 - rule Change TZSC IP Secure Mode to Parameters is applicable
2024-06-16 15:34:55,075 [INFO] Rule:225 - rule Change TZSC IP No Secure Mode to Parameters is applicable
2024-06-16 15:34:55,075 [INFO] Rule:225 - rule Change TZSC IP Privilege Mode to Parameters is applicable
2024-06-16 15:34:55,075 [INFO] Rule:225 - rule Change TZSC IP No Privilege Mode to Parameters is applicable
2024-06-16 15:34:55,075 [INFO] Rule:225 - rule Change TZIC IT Secure Mode to Parameters is applicable
2024-06-16 15:34:55,075 [INFO] Rule:225 - rule Change TZIC IT No Secure Mode to Parameters is applicable
2024-06-16 15:34:55,075 [INFO] Rule:225 - rule Add MPCBB1_NonSecureArea_Start_Address value with referenced to MPCBB1_NonSecureArea_Start value is applicable
2024-06-16 15:34:55,075 [INFO] Rule:225 - rule Add MPCBB2_NonSecureArea_Start_Address value with referenced to MPCBB2_NonSecureArea_Start value is applicable
2024-06-16 15:34:55,075 [INFO] Rule:225 - rule Add MPCWM1_NonSecureArea*_Start_Address value with referenced to MPCWM1_NonSecureArea*_Start value is applicable
2024-06-16 15:34:55,075 [INFO] Rule:225 - rule Add MPCWM2_NonSecureArea*_Start_Address value with referenced to MPCWM2_NonSecureArea*_Start value is applicable
2024-06-16 15:34:55,075 [INFO] Rule:225 - rule Add MPCWM3_NonSecureArea_Start_Address value with referenced to MPCWM3_NonSecureArea_Start value is applicable
2024-06-16 15:34:55,075 [INFO] Rule:225 - rule Change Default Value for PLL1UserDefinedConfig is applicable
2024-06-16 15:34:55,075 [INFO] Rule:225 - rule Change GPIO_PuPd Default Value for USART in async mode is applicable
2024-06-16 15:34:55,075 [INFO] Rule:225 - rule Change SMPSDivider Default Value is applicable
2024-06-16 15:34:55,075 [INFO] Rule:225 - rule OPAMP is applicable
2024-06-16 15:34:55,075 [INFO] Rule:225 - rule LPUART IPParameter rename Prescaler parameter to ClockPrescaler for STM32H7 is applicable
2024-06-16 15:34:55,075 [INFO] Rule:225 - rule LPUART IPParameter rename Prescaler parameter to ClockPrescaler for STM32H7 is applicable
2024-06-16 15:34:55,075 [INFO] Rule:225 - rule LPUART IPParameter rename Prescaler parameter to ClockPrescaler for STM32WB is applicable
2024-06-16 15:34:55,075 [INFO] Rule:225 - rule LPUART IPParameter rename Prescaler parameter to ClockPrescaler for STM32WB is applicable
2024-06-16 15:34:55,075 [INFO] Rule:225 - rule LPUART IPParameter rename Prescaler parameter to ClockPrescaler for STM32G4 is applicable
2024-06-16 15:34:55,075 [INFO] Rule:225 - rule LPUART IPParameter rename Prescaler parameter to ClockPrescaler for STM32G4 is applicable
2024-06-16 15:34:55,075 [INFO] Rule:225 - rule LPUART IPParameter rename Prescaler parameter to ClockPrescaler for STM32L5 is applicable
2024-06-16 15:34:55,075 [INFO] Rule:225 - rule LPUART IPParameter rename Prescaler parameter to ClockPrescaler for STM32L5 is applicable
2024-06-16 15:34:55,075 [INFO] Rule:225 - rule LPUART IPParameter rename Prescaler parameter to ClockPrescaler for STM32G4 is applicable
2024-06-16 15:34:55,075 [INFO] Rule:225 - rule LPUART IPParameter rename Prescaler parameter to ClockPrescaler for STM32G4 is applicable
2024-06-16 15:34:55,075 [INFO] Rule:225 - rule USB device lib V2.5.3 for L0 rename USBD_SUPPORT_USER_STRING parameter to USBD_SUPPORT_USER_STRING_DESC4 is applicable
2024-06-16 15:34:55,075 [INFO] Rule:225 - rule I2SCLockSelection clock entry align is applicable
2024-06-16 15:34:55,075 [INFO] Rule:225 - rule Assign TIMx context if used as SYS timebase is applicable
2024-06-16 15:34:55,075 [INFO] Rule:225 - rule Change GPIO_Pu Default Value for I2C is applicable
2024-06-16 15:34:55,075 [INFO] Rule:225 - rule Change GPIO_Pu Default Value for SMBus is applicable
2024-06-16 15:34:55,075 [INFO] Rule:225 - rule change FDCAN default value is applicable
2024-06-16 15:34:55,075 [INFO] Rule:225 - rule Change mode sai is applicable
2024-06-16 15:34:55,075 [INFO] Rule:225 - rule **Change sai mode is applicable
2024-06-16 15:34:55,075 [INFO] DbConfProperties:305 - Apply Compatibility (41/248 Rules)
2024-06-16 15:34:55,813 [INFO] ImportTextPane:193 - (OptionalMessage_ERROR) Unable to find key (Mcu.ThirdPartyNb) in loaded IOC file
2024-06-16 15:34:56,049 [INFO] RtosManager:489 - Registered RTOS mode: class=CMSIS, group=RTOS, mode=CMSIS_V1, owner=FREERTOS
2024-06-16 15:34:56,049 [INFO] RtosManager:489 - Registered RTOS mode: class=CMSIS, group=RTOS2, mode=CMSIS_V2, owner=FREERTOS
2024-06-16 15:34:56,049 [INFO] RtosManager:489 - Registered RTOS mode: class=RTOS, group=Core, mode=CMSIS_V1, owner=FREERTOS
2024-06-16 15:34:56,049 [INFO] RtosManager:489 - Registered RTOS mode: class=RTOS, group=Core, mode=CMSIS_V2, owner=FREERTOS
2024-06-16 15:34:56,049 [WARN] ModelIntegratedComponent:185 - Missing modes for component STMicroelectronics:FreeRTOS:0.0.1:STMicroelectronics:RTOS:FreeRTOS:Core:::10.2.0:
2024-06-16 15:34:56,049 [WARN] ModelIntegratedComponent:64 - No mode defined for component null
2024-06-16 15:34:56,049 [WARN] ModelIntegratedComponent:64 - No mode defined for component null
2024-06-16 15:34:56,049 [WARN] ModelIntegratedComponent:64 - No mode defined for component null
2024-06-16 15:34:56,049 [WARN] ModelIntegratedComponent:64 - No mode defined for component null
2024-06-16 15:34:56,049 [WARN] ModelIntegratedComponent:64 - No mode defined for component null
2024-06-16 15:34:56,049 [WARN] ModelIntegratedComponent:64 - No mode defined for component null
2024-06-16 15:34:56,049 [WARN] ModelIntegratedComponent:64 - No mode defined for component null
2024-06-16 15:34:56,049 [WARN] ModelIntegratedComponent:64 - No mode defined for component null
2024-06-16 15:34:56,049 [WARN] ModelIntegratedComponent:64 - No mode defined for component null
2024-06-16 15:34:56,049 [WARN] ModelIntegratedComponent:64 - No mode defined for component null
2024-06-16 15:34:56,049 [WARN] ModelIntegratedComponent:64 - No mode defined for component null
2024-06-16 15:34:56,049 [WARN] ModelIntegratedComponent:64 - No mode defined for component null
2024-06-16 15:34:56,049 [WARN] ModelIntegratedComponent:64 - No mode defined for component null
2024-06-16 15:34:56,049 [WARN] ModelIntegratedComponent:64 - No mode defined for component null
2024-06-16 15:34:56,049 [WARN] ModelIntegratedComponent:64 - No mode defined for component null
2024-06-16 15:34:56,049 [WARN] ModelIntegratedComponent:64 - No mode defined for component null
2024-06-16 15:34:56,049 [WARN] ModelIntegratedComponent:64 - No mode defined for component null
2024-06-16 15:34:56,049 [WARN] ModelIntegratedComponent:64 - No mode defined for component null
2024-06-16 15:34:56,049 [WARN] ModelIntegratedComponent:64 - No mode defined for component null
2024-06-16 15:34:56,049 [WARN] ModelIntegratedComponent:64 - No mode defined for component null
2024-06-16 15:34:56,049 [WARN] ModelIntegratedComponent:64 - No mode defined for component null
2024-06-16 15:34:56,049 [WARN] ModelIntegratedComponent:64 - No mode defined for component null
2024-06-16 15:34:56,049 [WARN] ModelIntegratedComponent:64 - No mode defined for component null
2024-06-16 15:34:56,049 [WARN] ModelIntegratedComponent:64 - No mode defined for component null
2024-06-16 15:34:56,049 [WARN] ModelIntegratedComponent:64 - No mode defined for component null
2024-06-16 15:34:56,049 [WARN] ModelIntegratedComponent:64 - No mode defined for component null
2024-06-16 15:34:56,049 [WARN] ModelIntegratedComponent:64 - No mode defined for component null
2024-06-16 15:34:56,049 [WARN] ModelIntegratedComponent:64 - No mode defined for component null
2024-06-16 15:34:56,049 [WARN] ModelIntegratedComponent:64 - No mode defined for component null
2024-06-16 15:34:56,049 [WARN] ModelIntegratedComponent:64 - No mode defined for component null
2024-06-16 15:34:56,049 [WARN] ModelIntegratedComponent:64 - No mode defined for component null
2024-06-16 15:34:56,049 [WARN] ModelIntegratedComponent:64 - No mode defined for component null
2024-06-16 15:34:56,049 [WARN] ModelIntegratedComponent:64 - No mode defined for component null
2024-06-16 15:34:56,646 [INFO] ThirdPartyModel:294 - Start build external matchings
2024-06-16 15:35:00,850 [INFO] ThirdPartyModel:310 - End build external matchings
2024-06-16 15:35:00,961 [INFO] ImportTextPane:193 - (OptionalMessage_ERROR) IP (RCC) : Invalid parameter (FamilyName)
2024-06-16 15:35:00,961 [INFO] ImportTextPane:193 - (OptionalMessage_ERROR) IP (RCC) : Invalid parameter (PLLM)
2024-06-16 15:35:00,961 [INFO] ImportTextPane:193 - (OptionalMessage_ERROR) IP (RCC) : Invalid parameter (PLLN)
2024-06-16 15:35:00,961 [INFO] ImportTextPane:193 - (OptionalMessage_ERROR) IP (RCC) : Invalid parameter (PLLP)
2024-06-16 15:35:00,961 [INFO] ImportTextPane:193 - (OptionalMessage_ERROR) IP (RCC) : Invalid parameter (PLLQ)
2024-06-16 15:35:00,961 [INFO] ImportTextPane:193 - (OptionalMessage_ERROR) IP (RCC) : Invalid parameter (TIM2Freq_Value)
2024-06-16 15:35:00,961 [INFO] ImportTextPane:193 - (OptionalMessage_ERROR) IP (RCC) : Parameter (USBFreq_Value) has invalid value (64000000)
2024-06-16 15:35:01,151 [INFO] UtilMem:74 - End LoadConfig() Used Memory: 848151072 Bytes (1073741824)
2024-06-16 15:35:01,167 [WARN] ThirdParty:807 - waiting for thirdparty lock release [change project]
2024-06-16 15:35:01,167 [INFO] ThirdParty:809 - entering critical section [change project]
2024-06-16 15:35:01,167 [INFO] ThirdParty:999 - CMSIS Pack Vendor :STMicroelectronics X-CUBE-GNSS1 6.0.0
2024-06-16 15:35:01,167 [INFO] ThirdParty:999 - CMSIS Pack Vendor :STMicroelectronics USB_HOST 2.0.0
2024-06-16 15:35:01,167 [INFO] ThirdParty:999 - CMSIS Pack Vendor :STMicroelectronics FP-SNS-MOTENVWB1 1.4.0
2024-06-16 15:35:01,167 [INFO] ThirdParty:999 - CMSIS Pack Vendor :STMicroelectronics X-CUBE-AZRTOS-F4 1.1.0
2024-06-16 15:35:01,167 [INFO] ThirdParty:999 - CMSIS Pack Vendor :STMicroelectronics LIBJPEG 8.0.0
2024-06-16 15:35:01,167 [INFO] ThirdParty:999 - CMSIS Pack Vendor :STMicroelectronics X-CUBE-SMBUS 2.1.0
2024-06-16 15:35:01,167 [INFO] ThirdParty:999 - CMSIS Pack Vendor :STMicroelectronics X-CUBE-FREERTOS 1.2.0
2024-06-16 15:35:01,167 [INFO] ThirdParty:999 - CMSIS Pack Vendor :STMicroelectronics X-CUBE-SUBG2 4.1.0
2024-06-16 15:35:01,167 [INFO] ThirdParty:999 - CMSIS Pack Vendor :STMicroelectronics X-CUBE-BLEMGR 1.2.0
2024-06-16 15:35:01,167 [INFO] ThirdParty:999 - CMSIS Pack Vendor :STMicroelectronics X-CUBE-TOUCHGFX 4.23.2
2024-06-16 15:35:01,167 [INFO] ThirdParty:999 - CMSIS Pack Vendor :STMicroelectronics X-CUBE-AZRTOS-H7 1.1.0
2024-06-16 15:35:01,167 [INFO] ThirdParty:999 - CMSIS Pack Vendor :STMicroelectronics X-CUBE-AZRTOS-F7 1.1.0
2024-06-16 15:35:01,167 [INFO] ThirdParty:999 - CMSIS Pack Vendor :STMicroelectronics X-CUBE-AZRTOS-L5 2.0.0
2024-06-16 15:35:01,167 [INFO] ThirdParty:999 - CMSIS Pack Vendor :STMicroelectronics USB_DEVICE 2.0.0
2024-06-16 15:35:01,167 [INFO] ThirdParty:999 - CMSIS Pack Vendor :STMicroelectronics X-CUBE-MEMS1 9.6.0
2024-06-16 15:35:01,167 [INFO] ThirdParty:999 - CMSIS Pack Vendor :STMicroelectronics X-CUBE-EEPRMA1 4.2.0
2024-06-16 15:35:01,167 [INFO] ThirdParty:999 - CMSIS Pack Vendor :STMicroelectronics X-CUBE-NFC6 3.1.0
2024-06-16 15:35:01,167 [INFO] ThirdParty:999 - CMSIS Pack Vendor :ITTIA_DB I-CUBE-ITTIADB 8.8.0
2024-06-16 15:35:01,167 [INFO] ThirdParty:999 - CMSIS Pack Vendor :STMicroelectronics FP-SNS-MOTENV1 4.3.0
2024-06-16 15:35:01,167 [INFO] ThirdParty:999 - CMSIS Pack Vendor :STMicroelectronics FP-SNS-MOTENV1 4.3.2
2024-06-16 15:35:01,167 [INFO] ThirdParty:999 - CMSIS Pack Vendor :STMicroelectronics FP-SNS-FLIGHT1 5.0.0
2024-06-16 15:35:01,182 [INFO] ThirdParty:999 - CMSIS Pack Vendor :STMicroelectronics X-CUBE-BLE1 6.2.3
2024-06-16 15:35:01,182 [INFO] ThirdParty:999 - CMSIS Pack Vendor :STMicroelectronics X-CUBE-EEPRMA1 3.0.0
2024-06-16 15:35:01,182 [INFO] ThirdParty:999 - CMSIS Pack Vendor :STMicroelectronics X-CUBE-BLE1 6.2.4
2024-06-16 15:35:01,182 [INFO] ThirdParty:999 - CMSIS Pack Vendor :STMicroelectronics FreeRTOS 0.0.1
2024-06-16 15:35:01,182 [INFO] ThirdParty:999 - CMSIS Pack Vendor :emotas I-CUBE-CANOPEN 1.1.3
2024-06-16 15:35:01,182 [INFO] ThirdParty:999 - CMSIS Pack Vendor :STMicroelectronics X-CUBE-BLEMGR 2.0.0
2024-06-16 15:35:01,182 [INFO] ThirdParty:999 - CMSIS Pack Vendor :STMicroelectronics X-CUBE-BLE1 6.2.0
2024-06-16 15:35:01,182 [INFO] ThirdParty:999 - CMSIS Pack Vendor :STMicroelectronics X-CUBE-BLE1 6.2.1
2024-06-16 15:35:01,182 [INFO] ThirdParty:999 - CMSIS Pack Vendor :STMicroelectronics X-CUBE-BLE2 3.2.1
2024-06-16 15:35:01,182 [INFO] ThirdParty:999 - CMSIS Pack Vendor :STMicroelectronics FP-SNS-FLIGHT1 5.0.2
2024-06-16 15:35:01,182 [INFO] ThirdParty:999 - CMSIS Pack Vendor :STMicroelectronics X-CUBE-NFC4 2.0.5
2024-06-16 15:35:01,182 [INFO] ThirdParty:999 - CMSIS Pack Vendor :STMicroelectronics X-CUBE-BLE2 3.2.2
2024-06-16 15:35:01,182 [INFO] ThirdParty:999 - CMSIS Pack Vendor :STMicroelectronics X-CUBE-NFC4 2.0.3
2024-06-16 15:35:01,182 [INFO] ThirdParty:999 - CMSIS Pack Vendor :STMicroelectronics X-CUBE-NFC4 2.0.2
2024-06-16 15:35:01,182 [INFO] ThirdParty:999 - CMSIS Pack Vendor :STMicroelectronics X-CUBE-AI 9.0.0
2024-06-16 15:35:01,182 [INFO] ThirdParty:999 - CMSIS Pack Vendor :STMicroelectronics X-CUBE-AZRTOS-H7 3.1.0
2024-06-16 15:35:01,182 [INFO] ThirdParty:999 - CMSIS Pack Vendor :STMicroelectronics PDM2PCM 3.3.0
2024-06-16 15:35:01,182 [INFO] ThirdParty:999 - CMSIS Pack Vendor :STMicroelectronics X-CUBE-BLE2 3.2.0
2024-06-16 15:35:01,182 [INFO] ThirdParty:999 - CMSIS Pack Vendor :STMicroelectronics X-CUBE-SFXS2LP1 3.1.0
2024-06-16 15:35:01,182 [INFO] ThirdParty:999 - CMSIS Pack Vendor :STMicroelectronics X-CUBE-DISPLAY 3.0.0
2024-06-16 15:35:01,182 [INFO] ThirdParty:999 - CMSIS Pack Vendor :STMicroelectronics X-CUBE-AZRTOS-F4 1.0.0
2024-06-16 15:35:01,182 [INFO] ThirdParty:999 - CMSIS Pack Vendor :STMicroelectronics X-CUBE-BLE1 7.0.0
2024-06-16 15:35:01,182 [INFO] ThirdParty:999 - CMSIS Pack Vendor :wolfSSL I-CUBE-wolfSSL 5.5.4
2024-06-16 15:35:01,182 [INFO] ThirdParty:999 - CMSIS Pack Vendor :STMicroelectronics X-CUBE-TOF1 2.0.0
2024-06-16 15:35:01,182 [INFO] ThirdParty:999 - CMSIS Pack Vendor :STMicroelectronics HAL Drivers 0.0.0
2024-06-16 15:35:01,182 [INFO] ThirdParty:999 - CMSIS Pack Vendor :STMicroelectronics X-CUBE-TOUCHGFX 4.22.0
2024-06-16 15:35:01,182 [INFO] ThirdParty:999 - CMSIS Pack Vendor :STMicroelectronics X-CUBE-NFC7 1.0.1
2024-06-16 15:35:01,182 [INFO] ThirdParty:999 - CMSIS Pack Vendor :STMicroelectronics MBEDTLS 2.14.1
2024-06-16 15:35:01,182 [INFO] ThirdParty:999 - CMSIS Pack Vendor :STMicroelectronics X-CUBE-NFC7 1.0.0
2024-06-16 15:35:01,182 [INFO] ThirdParty:999 - CMSIS Pack Vendor :STMicroelectronics X-CUBE-TOUCHGFX 4.22.1
2024-06-16 15:35:01,182 [INFO] ThirdParty:999 - CMSIS Pack Vendor :STMicroelectronics X-CUBE-SUBG2 4.2.0
2024-06-16 15:35:01,182 [INFO] ThirdParty:999 - CMSIS Pack Vendor :STMicroelectronics X-CUBE-AZRTOS-H7 1.0.0
2024-06-16 15:35:01,182 [INFO] ThirdParty:999 - CMSIS Pack Vendor :STMicroelectronics X-CUBE-NFC6 3.0.0
2024-06-16 15:35:01,182 [INFO] ThirdParty:999 - CMSIS Pack Vendor :STMicroelectronics X-CUBE-MEMS1 9.3.0
2024-06-16 15:35:01,182 [INFO] ThirdParty:999 - CMSIS Pack Vendor :STMicroelectronics X-CUBE-EEPRMA1 4.1.0
2024-06-16 15:35:01,182 [INFO] ThirdParty:999 - CMSIS Pack Vendor :STMicroelectronics X-CUBE-BLEMGR 3.1.0
2024-06-16 15:35:01,182 [INFO] ThirdParty:999 - CMSIS Pack Vendor :STMicroelectronics FP-SNS-SMARTAG2 1.2.0
2024-06-16 15:35:01,182 [INFO] ThirdParty:999 - CMSIS Pack Vendor :STMicroelectronics X-CUBE-AZRTOS-WL 2.0.0
2024-06-16 15:35:01,182 [INFO] ThirdParty:999 - CMSIS Pack Vendor :STMicroelectronics X-CUBE-ALGOBUILD 1.2.1
2024-06-16 15:35:01,182 [INFO] ThirdParty:999 - CMSIS Pack Vendor :STMicroelectronics X-CUBE-DISPLAY 1.0.0
2024-06-16 15:35:01,182 [INFO] ThirdParty:999 - CMSIS Pack Vendor :STMicroelectronics FP-SNS-MOTENV1 5.0.0
2024-06-16 15:35:01,182 [INFO] ThirdParty:999 - CMSIS Pack Vendor :STMicroelectronics USB_DEVICE 1.0.0
2024-06-16 15:35:01,182 [INFO] ThirdParty:999 - CMSIS Pack Vendor :STMicroelectronics X-CUBE-AI 8.1.0
2024-06-16 15:35:01,182 [INFO] ThirdParty:999 - CMSIS Pack Vendor :STMicroelectronics X-CUBE-AI 6.0.0
2024-06-16 15:35:01,182 [INFO] ThirdParty:999 - CMSIS Pack Vendor :STMicroelectronics X-CUBE-ALGOBUILD 1.2.0
2024-06-16 15:35:01,182 [INFO] ThirdParty:999 - CMSIS Pack Vendor :STMicroelectronics X-CUBE-AZRTOS-L4 2.0.0
2024-06-16 15:35:01,182 [INFO] ThirdParty:999 - CMSIS Pack Vendor :STMicroelectronics ThreadX 0.0.2
2024-06-16 15:35:01,182 [INFO] ThirdParty:999 - CMSIS Pack Vendor :WES I-CUBE-Cesium 1.3.0
2024-06-16 15:35:01,182 [INFO] ThirdParty:999 - CMSIS Pack Vendor :STMicroelectronics lwIP 2.1.2
2024-06-16 15:35:01,182 [INFO] ThirdParty:999 - CMSIS Pack Vendor :STMicroelectronics X-CUBE-SFXS2LP1 4.0.0
2024-06-16 15:35:01,182 [INFO] ThirdParty:999 - CMSIS Pack Vendor :STMicroelectronics X-CUBE-BLE2 3.3.0
2024-06-16 15:35:01,182 [INFO] ThirdParty:999 - CMSIS Pack Vendor :STMicroelectronics X-CUBE-DISPLAY 2.2.0
2024-06-16 15:35:01,182 [INFO] ThirdParty:999 - CMSIS Pack Vendor :STMicroelectronics X-CUBE-TOF1 3.2.0
2024-06-16 15:35:01,182 [INFO] ThirdParty:999 - CMSIS Pack Vendor :wolfSSL I-CUBE-wolfSSL 4.7.0
2024-06-16 15:35:01,182 [INFO] ThirdParty:999 - CMSIS Pack Vendor :STMicroelectronics PDM2PCM 3.2.0
2024-06-16 15:35:01,182 [INFO] ThirdParty:999 - CMSIS Pack Vendor :STMicroelectronics X-CUBE-TOUCHGFX 4.18.1
2024-06-16 15:35:01,182 [INFO] ThirdParty:999 - CMSIS Pack Vendor :STMicroelectronics X-CUBE-AZRTOS-H7 3.0.0
2024-06-16 15:35:01,182 [INFO] ThirdParty:999 - CMSIS Pack Vendor :STMicroelectronics X-CUBE-ISPU 1.1.0
2024-06-16 15:35:01,182 [INFO] ThirdParty:999 - CMSIS Pack Vendor :RoweBots I-CUBE-UNISONRTOS 5.5.0-4
2024-06-16 15:35:01,182 [INFO] ThirdParty:999 - CMSIS Pack Vendor :STMicroelectronics X-CUBE-SFXS2LP1 3.0.0
2024-06-16 15:35:01,182 [INFO] ThirdParty:999 - CMSIS Pack Vendor :STMicroelectronics X-CUBE-AZRTOS-H7 2.1.0
2024-06-16 15:35:01,182 [INFO] ThirdParty:999 - CMSIS Pack Vendor :STMicroelectronics USB_DEVICE 3.0.0
2024-06-16 15:35:01,182 [INFO] ThirdParty:999 - CMSIS Pack Vendor :STMicroelectronics X-CUBE-TCPP 4.1.0
2024-06-16 15:35:01,182 [INFO] ThirdParty:999 - CMSIS Pack Vendor :STMicroelectronics X-CUBE-AI 8.0.0
2024-06-16 15:35:01,182 [INFO] ThirdParty:999 - CMSIS Pack Vendor :STMicroelectronics X-CUBE-AZRTOS-WB 2.0.0
2024-06-16 15:35:01,182 [INFO] ThirdParty:999 - CMSIS Pack Vendor :STMicroelectronics X-CUBE-FREERTOS 1.0.1
2024-06-16 15:35:01,182 [INFO] ThirdParty:999 - CMSIS Pack Vendor :STMicroelectronics X-CUBE-TOUCHGFX 4.21.1
2024-06-16 15:35:01,182 [INFO] ThirdParty:999 - CMSIS Pack Vendor :STMicroelectronics X-CUBE-TOUCHGFX 4.21.3
2024-06-16 15:35:01,182 [INFO] ThirdParty:999 - CMSIS Pack Vendor :STMicroelectronics X-CUBE-MEMS1 9.0.0
2024-06-16 15:35:01,182 [INFO] ThirdParty:999 - CMSIS Pack Vendor :STMicroelectronics X-CUBE-TOUCHGFX 4.21.4
2024-06-16 15:35:01,182 [INFO] ThirdParty:999 - CMSIS Pack Vendor :STMicroelectronics X-CUBE-MEMS1 9.4.0
2024-06-16 15:35:01,182 [INFO] ThirdParty:999 - CMSIS Pack Vendor :STMicroelectronics X-CUBE-AI 7.3.0
2024-06-16 15:35:01,182 [INFO] ThirdParty:999 - CMSIS Pack Vendor :STMicroelectronics X-CUBE-ALGOBUILD 1.3.0
2024-06-16 15:35:01,182 [INFO] ThirdParty:999 - CMSIS Pack Vendor :STMicroelectronics X-CUBE-AZRTOS-L5 1.1.0
2024-06-16 15:35:01,182 [INFO] ThirdParty:999 - CMSIS Pack Vendor :STMicroelectronics X-CUBE-AZRTOS-G0 1.1.0
2024-06-16 15:35:01,182 [INFO] ThirdParty:999 - CMSIS Pack Vendor :STMicroelectronics X-CUBE-AI 8.0.1
2024-06-16 15:35:01,182 [INFO] ThirdParty:999 - CMSIS Pack Vendor :STMicroelectronics X-CUBE-SAFEA1 1.2.2
2024-06-16 15:35:01,182 [INFO] ThirdParty:999 - CMSIS Pack Vendor :STMicroelectronics X-CUBE-NFC4 3.0.0
2024-06-16 15:35:01,182 [INFO] ThirdParty:999 - CMSIS Pack Vendor :SEGGER I-CUBE-embOS 1.2.0
2024-06-16 15:35:01,182 [INFO] ThirdParty:999 - CMSIS Pack Vendor :STMicroelectronics X-CUBE-SUBG2 5.0.0
2024-06-16 15:35:01,182 [INFO] ThirdParty:999 - CMSIS Pack Vendor :STMicroelectronics STM32_WPAN 1.0.0
2024-06-16 15:35:01,182 [INFO] ThirdParty:999 - CMSIS Pack Vendor :wolfSSL I-CUBE-wolfMQTT 1.18.0
2024-06-16 15:35:01,182 [INFO] ThirdParty:999 - CMSIS Pack Vendor :STMicroelectronics lwIP 2.0.3
2024-06-16 15:35:01,182 [INFO] ThirdParty:999 - CMSIS Pack Vendor :STMicroelectronics X-CUBE-TOUCHGFX 4.13.0
2024-06-16 15:35:01,182 [INFO] ThirdParty:999 - CMSIS Pack Vendor :Cesanta I-CUBE-Mongoose 7.13.0
2024-06-16 15:35:01,182 [INFO] ThirdParty:999 - CMSIS Pack Vendor :STMicroelectronics USB_HOST 1.0.0
2024-06-16 15:35:01,182 [INFO] ThirdParty:999 - CMSIS Pack Vendor :STMicroelectronics X-CUBE-TOF1 3.3.1
2024-06-16 15:35:01,182 [INFO] ThirdParty:999 - CMSIS Pack Vendor :STMicroelectronics X-CUBE-AZRTOS-G4 2.0.0
2024-06-16 15:35:01,182 [INFO] ThirdParty:999 - CMSIS Pack Vendor :STMicroelectronics X-CUBE-TOUCHGFX 4.17.0
2024-06-16 15:35:01,182 [INFO] ThirdParty:999 - CMSIS Pack Vendor :STMicroelectronics PDM2PCM 3.1.0
2024-06-16 15:35:01,182 [INFO] ThirdParty:999 - CMSIS Pack Vendor :STMicroelectronics X-CUBE-TOF1 3.3.0
2024-06-16 15:35:01,182 [INFO] ThirdParty:999 - CMSIS Pack Vendor :STMicroelectronics FP-ATR-ASTRA1 1.1.1
2024-06-16 15:35:01,182 [INFO] ThirdParty:999 - CMSIS Pack Vendor :Infineon AIROC-Wi-Fi-Bluetooth-STM32 1.5.1
2024-06-16 15:35:01,182 [INFO] ThirdParty:999 - CMSIS Pack Vendor :STMicroelectronics X-CUBE-BLEMGR 3.0.0
2024-06-16 15:35:01,182 [INFO] ThirdParty:999 - CMSIS Pack Vendor :STMicroelectronics X-CUBE-BLEMGR 1.3.0
2024-06-16 15:35:01,182 [INFO] ThirdParty:999 - CMSIS Pack Vendor :STMicroelectronics FP-SNS-MOTENVWB1 1.3.0
2024-06-16 15:35:01,182 [INFO] ThirdParty:999 - CMSIS Pack Vendor :STMicroelectronics X-CUBE-AZRTOS-H7 2.0.0
2024-06-16 15:35:01,182 [INFO] ThirdParty:999 - CMSIS Pack Vendor :STMicroelectronics FP-SNS-MOTENVWB1 1.3.1
2024-06-16 15:35:01,182 [INFO] ThirdParty:999 - CMSIS Pack Vendor :STMicroelectronics FP-ATR-SIGFOX1 3.2.0
2024-06-16 15:35:01,182 [INFO] ThirdParty:999 - CMSIS Pack Vendor :STMicroelectronics X-CUBE-AZRTOS-G4 1.0.0
2024-06-16 15:35:01,182 [INFO] ThirdParty:999 - CMSIS Pack Vendor :STMicroelectronics X-CUBE-AZRTOS-L4 1.0.0
2024-06-16 15:35:01,182 [INFO] ThirdParty:999 - CMSIS Pack Vendor :STMicroelectronics X-CUBE-ISPU 2.0.0
2024-06-16 15:35:01,182 [INFO] ThirdParty:999 - CMSIS Pack Vendor :STMicroelectronics X-CUBE-EEPRMA1 5.1.0
2024-06-16 15:35:01,182 [INFO] ThirdParty:999 - CMSIS Pack Vendor :STMicroelectronics MBEDTLS 2.16.2
2024-06-16 15:35:01,182 [INFO] ThirdParty:999 - CMSIS Pack Vendor :STMicroelectronics X-CUBE-ALS 1.0.2
2024-06-16 15:35:01,182 [INFO] ThirdParty:999 - CMSIS Pack Vendor :STMicroelectronics X-CUBE-TOUCHGFX 4.20.0
2024-06-16 15:35:01,182 [INFO] ThirdParty:999 - CMSIS Pack Vendor :STMicroelectronics X-CUBE-MEMS1 10.0.0
2024-06-16 15:35:01,182 [INFO] ThirdParty:999 - CMSIS Pack Vendor :STMicroelectronics X-CUBE-FREERTOS 1.1.0
2024-06-16 15:35:01,182 [INFO] ThirdParty:999 - CMSIS Pack Vendor :STMicroelectronics X-CUBE-AZRTOS-WL 1.0.0
2024-06-16 15:35:01,182 [INFO] ThirdParty:999 - CMSIS Pack Vendor :STMicroelectronics X-CUBE-TOF1 1.0.0
2024-06-16 15:35:01,182 [INFO] ThirdParty:999 - CMSIS Pack Vendor :portGmbH I-Cube-SoM-uGOAL 1.1.0
2024-06-16 15:35:01,182 [INFO] ThirdParty:999 - CMSIS Pack Vendor :STMicroelectronics X-CUBE-ALS 1.0.1
2024-06-16 15:35:01,182 [INFO] ThirdParty:999 - CMSIS Pack Vendor :STMicroelectronics X-CUBE-MEMS1 9.5.0
2024-06-16 15:35:01,182 [INFO] ThirdParty:999 - CMSIS Pack Vendor :STMicroelectronics X-CUBE-AI 7.0.0
2024-06-16 15:35:01,182 [INFO] ThirdParty:999 - CMSIS Pack Vendor :STMicroelectronics ThreadX 1.0.0
2024-06-16 15:35:01,182 [INFO] ThirdParty:999 - CMSIS Pack Vendor :STMicroelectronics X-CUBE-AZRTOS-WB 1.1.0
2024-06-16 15:35:01,182 [INFO] ThirdParty:999 - CMSIS Pack Vendor :SEGGER I-CUBE-embOS 1.3.1
2024-06-16 15:35:01,182 [INFO] ThirdParty:999 - CMSIS Pack Vendor :STMicroelectronics X-CUBE-ALGOBUILD 1.4.0
2024-06-16 15:35:01,182 [INFO] ThirdParty:999 - CMSIS Pack Vendor :STMicroelectronics X-CUBE-MEMS1 8.3.0
2024-06-16 15:35:01,182 [INFO] ThirdParty:999 - CMSIS Pack Vendor :STMicroelectronics X-CUBE-AZRTOS-L5 1.0.0
2024-06-16 15:35:01,182 [INFO] ThirdParty:999 - CMSIS Pack Vendor :STMicroelectronics X-CUBE-EEPRMA1 3.1.0
2024-06-16 15:35:01,182 [INFO] ThirdParty:999 - CMSIS Pack Vendor :STMicroelectronics X-CUBE-EEPRMA1 3.1.1
2024-06-16 15:35:01,182 [INFO] ThirdParty:999 - CMSIS Pack Vendor :STMicroelectronics X-CUBE-AZRTOS-H7RS 1.0.0
2024-06-16 15:35:01,182 [INFO] ThirdParty:999 - CMSIS Pack Vendor :STMicroelectronics X-CUBE-GNSS1 5.2.0
2024-06-16 15:35:01,182 [INFO] ThirdParty:999 - CMSIS Pack Vendor :STMicroelectronics FP-ATR-ASTRA1 2.0.0
2024-06-16 15:35:01,182 [INFO] ThirdParty:999 - CMSIS Pack Vendor :STMicroelectronics X-CUBE-TOF1 3.4.0
2024-06-16 15:35:01,182 [INFO] ThirdParty:999 - CMSIS Pack Vendor :STMicroelectronics X-CUBE-TOF1 3.4.1
2024-06-16 15:35:01,182 [INFO] ThirdParty:999 - CMSIS Pack Vendor :STMicroelectronics X-CUBE-TOUCHGFX 4.16.1
2024-06-16 15:35:01,182 [INFO] ThirdParty:999 - CMSIS Pack Vendor :STMicroelectronics X-CUBE-AZRTOS-H7 3.2.0
2024-06-16 15:35:01,182 [INFO] ThirdParty:815 - exiting critical section [change project]
2024-06-16 15:35:01,386 [INFO] PinOutPanel:1477 - setPackage(No Configuration,No Configuration)
2024-06-16 15:35:01,386 [INFO] PinOutPanel:1477 - setPackage(STM32F302R8Tx,LQFP64)
2024-06-16 15:35:01,876 [INFO] UtilMem:74 - Before build in PCC Used Memory: 847714200 Bytes (1073741824)
2024-06-16 15:35:02,095 [INFO] UtilMem:74 - After build in PCC Used Memory: 891754392 Bytes (1073741824)
2024-06-16 15:35:02,110 [INFO] IPUIPlugin:79 - create IPUIPlugin
2024-06-16 15:35:02,110 [INFO] IPUIPlugin:79 - create IPUIPlugin
2024-06-16 15:35:02,110 [INFO] IPUIPlugin:79 - create IPUIPlugin
2024-06-16 15:35:02,110 [INFO] IPUIPlugin:79 - create IPUIPlugin
2024-06-16 15:35:02,110 [INFO] IPUIPlugin:79 - create IPUIPlugin
2024-06-16 15:35:02,110 [INFO] IPUIPlugin:79 - create IPUIPlugin
2024-06-16 15:35:02,110 [INFO] IPUIPlugin:79 - create IPUIPlugin
2024-06-16 15:35:02,110 [INFO] IPUIPlugin:79 - create IPUIPlugin
2024-06-16 15:35:02,110 [INFO] IPUIPlugin:79 - create IPUIPlugin
2024-06-16 15:35:02,110 [INFO] IPUIPlugin:79 - create IPUIPlugin
2024-06-16 15:35:02,110 [INFO] IPUIPlugin:79 - create IPUIPlugin
2024-06-16 15:35:02,110 [INFO] IPUIPlugin:79 - create IPUIPlugin
2024-06-16 15:35:02,110 [INFO] IPUIPlugin:79 - create IPUIPlugin
2024-06-16 15:35:02,110 [INFO] IPUIPlugin:79 - create IPUIPlugin
2024-06-16 15:35:02,110 [INFO] IPUIPlugin:79 - create IPUIPlugin
2024-06-16 15:35:02,110 [INFO] IPUIPlugin:79 - create IPUIPlugin
2024-06-16 15:35:02,110 [INFO] IPUIPlugin:79 - create IPUIPlugin
2024-06-16 15:35:02,110 [INFO] IPUIPlugin:79 - create IPUIPlugin
2024-06-16 15:35:02,110 [INFO] IPUIPlugin:79 - create IPUIPlugin
2024-06-16 15:35:02,110 [INFO] IPUIPlugin:79 - create IPUIPlugin
2024-06-16 15:35:02,110 [INFO] IPUIPlugin:79 - create IPUIPlugin
2024-06-16 15:35:02,110 [INFO] IPUIPlugin:79 - create IPUIPlugin
2024-06-16 15:35:02,110 [INFO] IPUIPlugin:79 - create IPUIPlugin
2024-06-16 15:35:02,110 [INFO] IPUIPlugin:79 - create IPUIPlugin
2024-06-16 15:35:02,110 [INFO] IPUIPlugin:79 - create IPUIPlugin
2024-06-16 15:35:02,110 [INFO] IPUIPlugin:79 - create IPUIPlugin
2024-06-16 15:35:02,110 [INFO] IPUIPlugin:79 - create IPUIPlugin
2024-06-16 15:35:02,110 [INFO] IPUIPlugin:79 - create IPUIPlugin
2024-06-16 15:35:02,110 [INFO] IPUIPlugin:79 - create IPUIPlugin
2024-06-16 15:35:02,110 [INFO] IPUIPlugin:79 - create IPUIPlugin
2024-06-16 15:35:02,110 [INFO] IPUIPlugin:79 - create IPUIPlugin
2024-06-16 15:35:02,110 [INFO] IPUIPlugin:79 - create IPUIPlugin
2024-06-16 15:35:02,110 [INFO] IPUIPlugin:79 - create IPUIPlugin
2024-06-16 15:35:02,110 [INFO] IPUIPlugin:79 - create IPUIPlugin
2024-06-16 15:35:02,110 [INFO] IPUIPlugin:79 - create IPUIPlugin
2024-06-16 15:35:02,110 [INFO] IPUIPlugin:79 - create IPUIPlugin
2024-06-16 15:35:02,110 [INFO] IPUIPlugin:79 - create IPUIPlugin
2024-06-16 15:35:02,110 [INFO] IPUIPlugin:79 - create IPUIPlugin
2024-06-16 15:35:02,110 [INFO] IPUIPlugin:79 - create IPUIPlugin
2024-06-16 15:35:02,220 [INFO] CADModel:164 - CPN selected for project levelSTM32F302R8T6
2024-06-16 15:35:02,220 [INFO] CADModel:113 - Register for checkConnection events
2024-06-16 15:35:02,267 [INFO] OpenFileManager:327 - Restore cursor
2024-06-16 15:35:02,535 [INFO] UtilMem:74 - End SaveConfig() Used Memory: 825063240 Bytes (1073741824)
2024-06-16 15:35:02,613 [INFO] UtilMem:74 - End SaveConfig() Used Memory: 840374944 Bytes (1073741824)
2024-06-16 15:35:02,833 [INFO] BlockDiagram:2759 - set Specific Code input for plugin: NVIC
2024-06-16 15:35:02,833 [INFO] BlockDiagram:2759 - set Specific Code input for plugin: USART
2024-06-16 15:35:02,833 [INFO] BlockDiagram:2759 - set Specific Code input for plugin: SYS
2024-06-16 15:35:02,833 [INFO] BlockDiagram:2759 - set Specific Code input for plugin: GPIO
2024-06-16 15:35:02,833 [INFO] BlockDiagram:2759 - set Specific Code input for plugin: RCC
2024-06-16 15:35:02,833 [INFO] CodeGenerator:692 - code generatio: config db path: C:\ST\STM32CubeIDE_1.11.2\STM32CubeIDE\plugins\com.st.stm32cube.common.mx_6.7.0.202301130839\\db\
2024-06-16 15:35:02,990 [INFO] CodeEngine:247 - oldGeneratedFile, B:\stm32f302 projects\stm32f302 freeRtos workspace\printf_debugging\MXTmpFiles\license.tmp_save
2024-06-16 15:35:03,069 [INFO] CodeEngine:271 - Generated code: B:\stm32f302 projects\stm32f302 freeRtos workspace\printf_debugging\MXTmpFiles\license.tmp
2024-06-16 15:35:03,116 [INFO] CodeEngine:247 - oldGeneratedFile, B:\stm32f302 projects\stm32f302 freeRtos workspace\printf_debugging\MXTmpFiles\gpio.tmp_save
2024-06-16 15:35:03,273 [INFO] CodeEngine:271 - Generated code: B:\stm32f302 projects\stm32f302 freeRtos workspace\printf_debugging\MXTmpFiles\gpio.tmp
2024-06-16 15:35:03,321 [INFO] CodeEngine:247 - oldGeneratedFile, B:\stm32f302 projects\stm32f302 freeRtos workspace\printf_debugging\Core\Src\stm32f3xx_it.c_save
2024-06-16 15:35:03,572 [INFO] CodeEngine:271 - Generated code: B:\stm32f302 projects\stm32f302 freeRtos workspace\printf_debugging\Core\Src\stm32f3xx_it.c
2024-06-16 15:35:03,588 [INFO] CodeEngine:247 - oldGeneratedFile, B:\stm32f302 projects\stm32f302 freeRtos workspace\printf_debugging\Core\Inc\stm32f3xx_it.h_save
2024-06-16 15:35:03,635 [INFO] CodeEngine:271 - Generated code: B:\stm32f302 projects\stm32f302 freeRtos workspace\printf_debugging\Core\Inc\stm32f3xx_it.h
2024-06-16 15:35:03,651 [INFO] CodeEngine:247 - oldGeneratedFile, B:\stm32f302 projects\stm32f302 freeRtos workspace\printf_debugging\Core\Src\stm32f3xx_hal_msp.c_save
2024-06-16 15:35:03,763 [INFO] CodeEngine:271 - Generated code: B:\stm32f302 projects\stm32f302 freeRtos workspace\printf_debugging\Core\Src\stm32f3xx_hal_msp.c
2024-06-16 15:35:03,763 [INFO] CodeEngine:247 - oldGeneratedFile, B:\stm32f302 projects\stm32f302 freeRtos workspace\printf_debugging\MXTmpFiles\system.tmp_save
2024-06-16 15:35:03,889 [INFO] CodeEngine:271 - Generated code: B:\stm32f302 projects\stm32f302 freeRtos workspace\printf_debugging\MXTmpFiles\system.tmp
2024-06-16 15:35:03,889 [INFO] CodeEngine:303 - oldGeneratedFile, B:\stm32f302 projects\stm32f302 freeRtos workspace\printf_debugging\Core\Inc\stm32f3xx_hal_conf.h_save
2024-06-16 15:35:04,093 [INFO] CodeEngine:327 - Generated code: B:\stm32f302 projects\stm32f302 freeRtos workspace\printf_debugging\Core\Inc\stm32f3xx_hal_conf.h
2024-06-16 15:35:04,109 [INFO] CodeEngine:247 - oldGeneratedFile, B:\stm32f302 projects\stm32f302 freeRtos workspace\printf_debugging\Core\Inc\main.h_save
2024-06-16 15:35:04,361 [INFO] CodeEngine:271 - Generated code: B:\stm32f302 projects\stm32f302 freeRtos workspace\printf_debugging\Core\Inc\main.h
2024-06-16 15:35:04,377 [INFO] CodeEngine:247 - oldGeneratedFile, B:\stm32f302 projects\stm32f302 freeRtos workspace\printf_debugging\Core\Src\main.c_save
2024-06-16 15:35:04,503 [INFO] CodeEngine:271 - Generated code: B:\stm32f302 projects\stm32f302 freeRtos workspace\printf_debugging\Core\Src\main.c
2024-06-16 15:35:04,991 [INFO] ProjectBuilder:2919 - Time for Copy HAL[1] : 110mS.
2024-06-16 15:35:04,991 [INFO] ProjectBuilder:4183 - Project Generator version: 3.18.0-B7
2024-06-16 15:35:05,305 [INFO] ConfigFileManager:1396 - The Die is : DIE439
2024-06-16 15:35:05,305 [INFO] ApiDbMcu:505 - Load IP Config File for FATFS
2024-06-16 15:35:05,305 [INFO] ApiDbMcu:505 - Load IP Config File for FREERTOS
2024-06-16 15:35:05,321 [INFO] ApiDbMcu:505 - Load IP Config File for TOUCHSENSING
2024-06-16 15:35:05,321 [INFO] ApiDbMcu:505 - Load IP Config File for USB_DEVICE
2024-06-16 15:35:08,478 [INFO] ProjectBuilder:4351 - Time for Generating toolchain IDE Files: 3487mS.
2024-06-16 15:35:08,478 [INFO] ProjectBuilder:2790 - Time for Copy CMSIS : 0mS.
2024-06-16 15:35:08,478 [INFO] ProjectBuilder:2790 - Time for Copy CMSIS : 0mS.
2024-06-16 15:35:09,045 [ERROR] ConfigurationRetriever:140 - IOException on connection: citools.st.com
2024-06-16 15:35:09,045 [ERROR] ConfigurationRetriever:140 - IOException on connection: citools.st.com
2024-06-16 15:35:09,045 [ERROR] ConfigurationRetriever:140 - IOException on connection: citools.st.com
2024-06-16 15:35:09,185 [INFO] McuFinderGlobals:65 - Set McuFinderConnectedMode to true
2024-06-16 15:35:09,185 [INFO] ApiDb:447 - Save user favorites file C:\Users\rahul/.stm32cubeide/favorites.mcus.txt: 0 item(s)
2024-06-16 15:35:09,185 [INFO] ApiDb:451 - User favorites MCUs=[]
2024-06-16 15:35:09,185 [INFO] ApiDb:447 - Save user favorites file C:\Users\rahul/.stm32cubeide/favorites.boards.txt: 1 item(s)
2024-06-16 15:35:09,185 [INFO] ApiDb:451 - User favorites Boards=[NUCLEO-F302R8]
2024-06-16 15:35:43,312 [INFO] UtilMem:74 - End SaveConfig() Used Memory: 984322952 Bytes (1073741824)
2024-06-16 15:35:44,759 [INFO] UtilMem:74 - End SaveConfig() Used Memory: 846341888 Bytes (1073741824)
2024-06-16 15:35:44,995 [INFO] BlockDiagram:2759 - set Specific Code input for plugin: NVIC
2024-06-16 15:35:44,995 [INFO] BlockDiagram:2759 - set Specific Code input for plugin: SYS
2024-06-16 15:35:44,995 [INFO] BlockDiagram:2759 - set Specific Code input for plugin: GPIO
2024-06-16 15:35:44,995 [INFO] BlockDiagram:2759 - set Specific Code input for plugin: RCC
2024-06-16 15:35:44,995 [INFO] CodeGenerator:692 - code generatio: config db path: C:\ST\STM32CubeIDE_1.11.2\STM32CubeIDE\plugins\com.st.stm32cube.common.mx_6.7.0.202301130839\\db\
2024-06-16 15:35:45,170 [INFO] CodeEngine:247 - oldGeneratedFile, B:\stm32f302 projects\stm32f302 freeRtos workspace\printf_debugging\MXTmpFiles\license.tmp_save
2024-06-16 15:35:45,312 [INFO] CodeEngine:271 - Generated code: B:\stm32f302 projects\stm32f302 freeRtos workspace\printf_debugging\MXTmpFiles\license.tmp
2024-06-16 15:35:45,327 [INFO] CodeEngine:247 - oldGeneratedFile, B:\stm32f302 projects\stm32f302 freeRtos workspace\printf_debugging\MXTmpFiles\gpio.tmp_save
2024-06-16 15:35:45,422 [INFO] CodeEngine:271 - Generated code: B:\stm32f302 projects\stm32f302 freeRtos workspace\printf_debugging\MXTmpFiles\gpio.tmp
2024-06-16 15:35:45,437 [INFO] CodeEngine:247 - oldGeneratedFile, B:\stm32f302 projects\stm32f302 freeRtos workspace\printf_debugging\Core\Src\stm32f3xx_it.c_save
2024-06-16 15:35:45,627 [INFO] CodeEngine:271 - Generated code: B:\stm32f302 projects\stm32f302 freeRtos workspace\printf_debugging\Core\Src\stm32f3xx_it.c
2024-06-16 15:35:45,627 [INFO] CodeEngine:247 - oldGeneratedFile, B:\stm32f302 projects\stm32f302 freeRtos workspace\printf_debugging\Core\Inc\stm32f3xx_it.h_save
2024-06-16 15:35:45,674 [INFO] CodeEngine:271 - Generated code: B:\stm32f302 projects\stm32f302 freeRtos workspace\printf_debugging\Core\Inc\stm32f3xx_it.h
2024-06-16 15:35:45,690 [INFO] CodeEngine:247 - oldGeneratedFile, B:\stm32f302 projects\stm32f302 freeRtos workspace\printf_debugging\Core\Src\stm32f3xx_hal_msp.c_save
2024-06-16 15:35:45,801 [INFO] CodeEngine:271 - Generated code: B:\stm32f302 projects\stm32f302 freeRtos workspace\printf_debugging\Core\Src\stm32f3xx_hal_msp.c
2024-06-16 15:35:45,817 [INFO] CodeEngine:247 - oldGeneratedFile, B:\stm32f302 projects\stm32f302 freeRtos workspace\printf_debugging\MXTmpFiles\system.tmp_save
2024-06-16 15:35:45,865 [INFO] CodeEngine:271 - Generated code: B:\stm32f302 projects\stm32f302 freeRtos workspace\printf_debugging\MXTmpFiles\system.tmp
2024-06-16 15:35:45,881 [INFO] CodeEngine:303 - oldGeneratedFile, B:\stm32f302 projects\stm32f302 freeRtos workspace\printf_debugging\Core\Inc\stm32f3xx_hal_conf.h_save
2024-06-16 15:35:46,008 [INFO] CodeEngine:327 - Generated code: B:\stm32f302 projects\stm32f302 freeRtos workspace\printf_debugging\Core\Inc\stm32f3xx_hal_conf.h
2024-06-16 15:35:46,056 [INFO] CodeEngine:247 - oldGeneratedFile, B:\stm32f302 projects\stm32f302 freeRtos workspace\printf_debugging\Core\Inc\main.h_save
2024-06-16 15:35:46,166 [INFO] CodeEngine:271 - Generated code: B:\stm32f302 projects\stm32f302 freeRtos workspace\printf_debugging\Core\Inc\main.h
2024-06-16 15:35:46,181 [INFO] CodeEngine:247 - oldGeneratedFile, B:\stm32f302 projects\stm32f302 freeRtos workspace\printf_debugging\Core\Src\main.c_save
2024-06-16 15:35:46,434 [INFO] CodeEngine:271 - Generated code: B:\stm32f302 projects\stm32f302 freeRtos workspace\printf_debugging\Core\Src\main.c
2024-06-16 15:35:47,062 [INFO] ProjectBuilder:2919 - Time for Copy HAL[1] : 141mS.
2024-06-16 15:35:47,062 [INFO] ProjectBuilder:4183 - Project Generator version: 3.18.0-B7
2024-06-16 15:35:47,440 [INFO] ConfigFileManager:1396 - The Die is : DIE439
2024-06-16 15:35:50,841 [INFO] ProjectBuilder:4351 - Time for Generating toolchain IDE Files: 3779mS.
2024-06-16 15:35:50,841 [INFO] ProjectBuilder:2790 - Time for Copy CMSIS : 0mS.
2024-06-16 15:35:50,857 [INFO] ProjectBuilder:2790 - Time for Copy CMSIS : 0mS.
2024-06-16 15:35:50,919 [ERROR] ConfigurationRetriever:140 - IOException on connection: citools.st.com
2024-06-16 15:35:50,919 [ERROR] ConfigurationRetriever:140 - IOException on connection: citools.st.com
2024-06-16 15:35:50,935 [ERROR] ConfigurationRetriever:140 - IOException on connection: citools.st.com
2024-06-16 15:40:00,056 [ERROR] ConfigurationRetriever:140 - IOException on connection: citools.st.com
2024-06-16 15:40:00,057 [ERROR] ConfigurationRetriever:140 - IOException on connection: citools.st.com
2024-06-16 15:40:00,057 [ERROR] ConfigurationRetriever:140 - IOException on connection: citools.st.com
2024-06-16 15:40:51,926 [ERROR] ConfigurationRetriever:140 - IOException on connection: citools.st.com
2024-06-16 15:40:51,927 [ERROR] ConfigurationRetriever:140 - IOException on connection: citools.st.com
2024-06-16 15:40:51,927 [ERROR] ConfigurationRetriever:140 - IOException on connection: citools.st.com
2024-06-16 15:42:39,052 [ERROR] ConfigurationRetriever:140 - IOException on connection: citools.st.com
2024-06-16 15:42:39,053 [ERROR] ConfigurationRetriever:140 - IOException on connection: citools.st.com
2024-06-16 15:42:39,053 [ERROR] ConfigurationRetriever:140 - IOException on connection: citools.st.com
2024-06-16 15:45:34,067 [INFO] LogOutputStream:76 - [STDOUT_REDIRECT] StartTraceHandler.execute(), success : Collect=true
2024-06-16 15:47:33,851 [ERROR] ConfigurationRetriever:140 - IOException on connection: citools.st.com
2024-06-16 15:47:33,851 [ERROR] ConfigurationRetriever:140 - IOException on connection: citools.st.com
2024-06-16 15:47:33,851 [ERROR] ConfigurationRetriever:140 - IOException on connection: citools.st.com
2024-06-16 15:47:37,280 [ERROR] ConfigurationRetriever:140 - IOException on connection: citools.st.com
2024-06-16 15:47:37,280 [ERROR] ConfigurationRetriever:140 - IOException on connection: citools.st.com
2024-06-16 15:47:37,280 [ERROR] ConfigurationRetriever:140 - IOException on connection: citools.st.com
2024-06-16 15:47:57,895 [INFO] LogOutputStream:76 - [STDOUT_REDIRECT] StartTraceHandler.execute(), success : Collect=false
2024-06-16 15:47:59,640 [INFO] LogOutputStream:76 - [STDOUT_REDIRECT] StartTraceHandler.execute(), success : Collect=true
2024-06-16 15:48:01,855 [INFO] LogOutputStream:76 - [STDOUT_REDIRECT] StartTraceHandler.execute(), success : Collect=false
2024-06-16 15:48:04,531 [INFO] LogOutputStream:76 - [STDOUT_REDIRECT] StartTraceHandler.execute(), success : Collect=true
2024-06-16 15:48:49,772 [INFO] LogOutputStream:76 - [STDOUT_REDIRECT] StartTraceHandler.execute(), success : Collect=false
2024-06-16 15:48:52,010 [INFO] LogOutputStream:76 - [STDOUT_REDIRECT] StartTraceHandler.execute(), success : Collect=true
2024-06-16 16:33:48,386 [ERROR] ConfigurationRetriever:140 - IOException on connection: citools.st.com
2024-06-16 16:33:48,386 [ERROR] ConfigurationRetriever:140 - IOException on connection: citools.st.com
2024-06-16 16:33:48,386 [ERROR] ConfigurationRetriever:140 - IOException on connection: citools.st.com
2024-06-16 16:33:49,112 [INFO] JxBrowserEngine:114 - Initiate JxBrowser Engine with user profile folder
2024-06-16 16:33:51,554 [INFO] WebAppUi:459 - Close the Jxbrowser engine manually
2024-06-16 16:33:51,602 [INFO] WebAppUi:462 - Profiles folder deleted
2024-06-16 16:33:51,962 [ERROR] LogOutputStream:74 - [STDERR_REDIRECT] 
2024-06-17 18:07:08,661 [INFO] Activator:179 - 


2024-06-17 18:07:08,661 [INFO] Activator:180 - !SESSION log4j initialized
2024-06-17 18:07:16,457 [ERROR] ConfigurationRetriever:140 - IOException on connection: citools.st.com
2024-06-17 18:07:16,457 [ERROR] ConfigurationRetriever:140 - IOException on connection: citools.st.com
2024-06-17 18:07:16,457 [ERROR] ConfigurationRetriever:140 - IOException on connection: citools.st.com
2024-06-17 18:07:39,581 [ERROR] LogOutputStream:74 - [STDERR_REDIRECT] SLF4J: Failed to load class "org.slf4j.impl.StaticLoggerBinder".
2024-06-17 18:07:39,581 [ERROR] LogOutputStream:74 - [STDERR_REDIRECT] SLF4J: Defaulting to no-operation (NOP) logger implementation
2024-06-17 18:07:39,581 [ERROR] LogOutputStream:74 - [STDERR_REDIRECT] SLF4J: See http://www.slf4j.org/codes.html#StaticLoggerBinder for further details.
2024-06-17 19:31:57,773 [ERROR] ConfigurationRetriever:140 - IOException on connection: citools.st.com
2024-06-17 19:31:57,773 [ERROR] ConfigurationRetriever:140 - IOException on connection: citools.st.com
2024-06-17 19:31:57,773 [ERROR] ConfigurationRetriever:140 - IOException on connection: citools.st.com
